Store,Holiday_Flag,Temperature,Fuel_Price,CPI,Unemployment,Year,Month,Week_of_Year,Actual_High_Sales,Predicted_High_Sales,Predicted_Probability
20,0,52.56,3.892,208.4779405,7.287,2011,4,16,1,0,0.49135849553110544
9,0,81.05,3.346,225.5495841,5.539,2012,6,25,1,1,0.6806148832813239
8,0,46.81,3.268,223.5188055,5.825,2012,1,3,0,0,0.13938984221709022
5,0,81.64,3.393,222.3492901,5.801,2012,6,24,1,1,0.8286452924246122
19,0,53.74,2.903,132.7516667,8.067,2010,10,40,1,0,0.47494963949186375
2,0,67.0,3.622,214.7252242,7.931,2011,4,14,0,1,0.6698958062198455
33,0,73.17,4.254,131.108,7.396,2012,4,15,1,1,0.5822373913964669
21,0,61.9,3.308,217.8670218,7.441,2011,11,46,0,0,0.4264182310937887
45,0,47.65,3.53,188.0632345,8.523,2011,11,45,1,1,0.6880716589120172
37,0,76.55,3.688,220.4075581,6.989,2012,5,19,1,1,0.5408586330977625
30,0,87.54,3.637,214.6513538,7.931,2011,6,24,0,1,0.695431186298616
22,0,55.23,2.878,136.6401935,8.572,2010,10,41,0,0,0.19775365084964108
17,1,23.63,3.116,130.3849032,6.403,2012,2,6,1,1,0.9085644383047159
41,0,50.29,3.767,192.826069,6.934,2011,5,19,1,0,0.3473743458376576
24,0,51.07,3.021,132.0226667,8.211,2010,4,16,0,1,0.5747895681425162
35,0,41.59,3.389,140.528765,8.745,2011,12,51,1,1,0.9362589227320645
45,0,41.76,3.625,184.9943679,8.549,2011,3,12,0,0,0.1801698129720735
36,0,82.3,2.615,210.2135668,8.464,2010,6,23,1,1,0.7387657984805217
3,0,84.41,3.786,218.8860765,7.574,2011,5,21,0,1,0.5861136519716417
36,0,74.16,3.234,216.0885258,7.716,2011,10,41,0,0,0.27914655256840104
2,0,64.53,3.353,217.1650042,7.441,2011,10,42,0,0,0.2729712190188196
9,0,53.15,2.72,214.7597274,6.415,2010,3,11,0,0,0.37656167791749856
25,0,47.2,2.85,204.0252842,7.856,2010,4,13,1,0,0.4886274413529425
27,0,73.76,3.916,139.36375,7.85,2011,7,26,1,1,0.6101616868295642
44,0,79.18,3.624,130.8853548,5.407,2012,8,35,1,1,0.8612173622304841
36,0,76.1,3.837,214.3580974,8.3,2011,4,17,0,0,0.15212752834603732
45,0,78.44,2.805,182.6226346,8.743,2010,8,32,0,1,0.5523979657628447
13,0,54.66,3.579,129.7821613,6.392,2011,10,42,1,0,0.29994884397230154
29,0,70.99,3.577,138.1962667,9.14,2012,6,26,1,1,0.6836312442658253
44,0,42.75,3.547,128.8238065,6.906,2011,4,14,0,1,0.6437282188203146
6,1,49.14,2.943,212.9149674,7.007,2010,12,52,0,0,0.2348507027136303
45,0,79.78,2.781,182.4415378,8.743,2010,7,30,0,0,0.24352903423305497
32,0,60.94,2.674,189.4185259,8.963,2010,6,24,1,1,0.6499603170399816
29,0,74.92,3.84,138.1857097,9.419,2012,8,33,0,1,0.618093926042354
15,0,62.53,2.837,132.7619333,8.099,2010,9,38,0,0,0.15759816147235908
34,0,66.08,3.721,131.0103333,9.285,2012,9,38,0,0,0.19067135869227836
12,0,90.84,2.949,126.1119032,14.099,2010,6,23,1,1,0.7773778174601984
2,0,85.81,2.637,211.1096543,8.2,2010,6,24,1,1,0.7169707822776058
5,0,70.4,3.891,222.0225762,5.801,2012,4,14,1,1,0.7972193750564408
44,0,82.0,3.681,130.7562667,5.621,2012,6,26,1,1,0.797533148884322
41,0,22.44,2.911,191.4784939,7.241,2011,1,2,0,0,0.10955731796177193
35,0,49.6,3.862,141.55478,8.744,2012,3,11,0,1,0.5018344457578289
26,0,23.9,3.703,137.2583103,7.467,2012,2,7,0,1,0.7738094820547353
4,0,56.99,3.521,128.7199355,5.946,2011,4,13,0,1,0.5204856128613761
32,0,26.64,2.586,189.6018023,9.014,2010,2,8,0,0,0.19995505582865247
32,1,23.34,3.103,196.9195056,8.256,2012,2,6,0,1,0.8450793966755402
40,0,22.91,3.568,136.9598387,4.261,2012,1,4,0,0,0.049071470695220804
18,0,35.06,3.638,134.0682581,8.975,2011,4,13,0,0,0.3937071221400515
30,0,68.61,2.72,211.4713286,8.163,2010,10,41,1,0,0.18033066993148025
42,0,59.85,3.443,130.1575161,7.545,2012,1,1,1,0,0.42900334989122796
29,0,70.01,3.798,138.1138065,9.14,2012,6,22,1,1,0.8786823726245893
1,0,91.65,3.684,215.544618,7.962,2011,8,31,1,1,0.6103016570190388
15,0,35.49,3.611,136.5335161,7.866,2011,12,50,1,1,0.9375379904313164
9,0,83.39,3.311,225.6871121,5.277,2012,7,29,0,1,0.5110959531348831
23,0,65.23,3.924,134.9425484,4.781,2011,6,23,1,1,0.7750048620058555
25,0,40.05,2.818,204.5250598,8.187,2010,3,10,0,0,0.363714053958187
36,0,67.48,3.779,219.8956335,7.244,2012,3,11,0,1,0.5920671669368779
14,0,37.27,3.638,185.1790167,8.521,2011,4,13,0,0,0.4074805804248004
44,0,65.17,3.808,131.0983226,5.621,2012,5,20,1,1,0.6265901160050282
34,0,63.05,3.872,129.089,10.581,2011,5,19,1,0,0.2750979893345447
43,0,91.36,3.524,207.0288571,10.641,2011,7,26,0,1,0.6109819418750391
4,0,76.47,3.646,130.8853548,4.077,2012,8,35,1,1,0.8285804013183309
2,0,68.08,3.891,221.1484028,6.891,2012,4,15,1,1,0.5681274850142691
33,0,85.18,4.132,131.0756667,6.895,2012,10,40,1,1,0.7292245200304267
2,1,77.97,3.546,215.5148295,7.852,2011,9,36,0,0,0.42923514784640443
21,0,54.69,3.459,213.7646401,8.028,2011,3,10,1,0,0.3755445138182654
28,0,81.77,2.939,126.1900333,14.18,2010,9,38,0,0,0.0986866100780346
6,0,49.63,2.625,212.8745193,7.259,2010,3,9,1,0,0.4670547102052601
5,1,61.93,3.236,219.0428204,6.3,2011,11,47,1,1,0.9308637295103892
36,0,45.66,2.472,210.0451024,8.554,2010,2,7,1,1,0.6079390846738306
22,0,56.32,2.776,136.6277321,8.572,2010,10,40,1,0,0.4369076794613606
18,0,64.82,2.718,132.7619333,9.342,2010,9,38,0,0,0.12984637508258054
4,0,81.1,2.654,126.1266,7.896,2010,6,25,0,0,0.3732872334010723
1,0,72.55,2.835,210.3399684,7.808,2010,5,18,1,1,0.7157957014366441
32,0,42.3,2.737,191.0411474,9.137,2010,11,45,0,1,0.5863722559832936
14,0,81.46,2.771,182.3509895,8.743,2010,7,29,1,0,0.3727344131974221
27,0,61.02,3.055,136.7375484,8.021,2010,10,43,0,0,0.30852520633904945
12,0,56.26,4.038,130.8966452,12.187,2012,3,12,1,0,0.3046403569184975
38,0,51.8,3.781,130.4546207,12.187,2012,2,7,1,1,0.8242240910284684
6,0,65.42,3.906,217.3547569,6.855,2011,5,18,0,1,0.6092869069039752
24,0,75.27,2.924,132.5825806,8.117,2010,7,29,0,0,0.4210632922534784
29,0,62.49,2.716,132.7670667,10.409,2010,9,37,0,0,0.1222947696603669
22,0,47.76,3.919,138.2475036,8.252,2011,4,16,1,0,0.42723763887620086
5,0,64.44,3.787,221.8735063,5.943,2012,3,12,1,0,0.2932441743092123
3,1,43.57,3.022,216.2660913,7.551,2011,2,6,1,1,0.7758950587792695
10,0,88.59,3.697,129.1507742,8.257,2011,7,29,0,0,0.33202223238990747
16,0,48.29,3.75,197.4133259,6.162,2012,3,13,0,0,0.39086542692691684
27,0,66.43,4.134,138.6782834,7.725,2011,5,21,1,1,0.6110934345337022
10,0,71.06,3.127,126.2898,9.524,2010,5,18,1,1,0.5899957480274542
15,0,69.86,4.025,134.9425484,7.658,2011,6,23,1,1,0.8099240501224839
44,0,77.79,2.791,126.1498065,7.804,2010,7,28,0,0,0.351352309664182
13,0,77.79,2.791,126.1498065,7.951,2010,7,28,0,0,0.321781489319102
39,0,88.65,3.533,214.5516896,8.177,2011,9,35,1,1,0.5753630810400556
12,0,93.47,3.769,130.7195806,10.926,2012,7,30,0,1,0.55230466649253
40,0,68.1,3.903,136.0540323,4.584,2011,8,31,1,1,0.6278797215095161
11,0,69.1,3.524,218.2114184,7.574,2011,4,13,0,1,0.5198527413021772
41,0,57.66,3.927,197.664546,6.547,2012,4,17,1,0,0.29275131683138517
12,0,91.61,4.014,130.7929,11.627,2012,6,25,0,1,0.7787503232454458
26,0,16.7,3.215,132.9510645,7.907,2011,1,2,0,0,0.10403724006534656
23,1,26.6,3.655,137.1666774,4.261,2012,2,6,0,1,0.8691759606369991
10,0,56.96,3.674,128.26475,8.744,2011,3,9,1,1,0.5227939868377708
42,0,68.76,3.13,126.4364194,9.003,2010,10,43,0,0,0.17173767219930097
26,1,18.73,3.177,132.8150323,8.149,2010,12,52,0,0,0.19457454867392607
31,0,34.14,2.983,211.1176713,8.028,2011,1,2,0,0,0.07685290618515234
3,0,67.4,3.065,216.8780275,7.551,2011,2,8,1,0,0.41016821732695785
25,0,67.69,3.798,214.5499425,7.139,2012,5,21,1,1,0.7513502571132775
38,0,59.25,3.09,126.6019032,14.099,2010,4,14,0,1,0.5339546807087203
15,1,40.71,3.186,132.8369333,8.067,2010,11,47,1,1,0.9061741728391204
26,0,64.94,3.538,138.2296333,7.405,2012,7,27,1,1,0.7871270935349277
1,0,57.79,2.667,211.3806429,8.106,2010,3,10,0,0,0.4022607604211265
35,0,70.19,2.707,136.6297571,8.763,2010,10,39,0,0,0.11068634116091537
10,0,70.28,4.254,131.108,7.382,2012,4,15,1,1,0.5806292250391422
4,0,51.6,2.699,126.4912903,7.127,2010,11,44,0,1,0.557169064604533
37,0,84.99,3.682,214.2343177,8.177,2011,7,30,0,0,0.13422564722988584
23,0,25.71,3.568,136.9598387,4.261,2012,1,4,0,0,0.05481494929879921
7,0,59.27,3.558,198.0984199,7.872,2012,8,34,1,1,0.6388083550902026
10,0,90.32,3.084,126.1266,9.524,2010,6,25,0,0,0.4249225030276204
36,0,86.06,2.644,210.3943056,8.36,2010,8,32,1,0,0.45086829560469305
8,0,77.14,3.393,225.3134743,5.679,2012,6,24,1,1,0.8412737193242934
34,0,72.17,2.701,126.1360645,9.593,2010,6,22,1,1,0.8131589208681615
1,0,73.77,3.688,221.7256632,7.143,2012,5,19,1,1,0.5237426518021068
43,0,64.37,2.77,202.6594654,9.593,2010,4,14,1,1,0.7497788786872149
14,0,79.97,3.523,191.1685192,8.684,2012,7,28,0,1,0.5271304032717661
30,0,36.33,2.989,212.2240646,8.028,2011,2,5,1,0,0.4820800661261924
10,0,89.8,3.803,129.1846452,8.257,2011,8,31,1,1,0.6401200293915836
42,0,54.34,2.962,126.4420645,9.765,2010,2,5,0,0,0.4119413892770554
44,0,54.66,3.579,129.7821613,6.078,2011,10,42,1,0,0.3436922878014575
34,0,78.53,2.621,126.1498065,9.816,2010,7,28,0,0,0.41028941753925213
42,0,58.97,3.669,129.8268333,7.874,2011,11,46,1,0,0.3568015352789614
23,0,42.57,3.604,136.4884516,4.42,2011,10,43,1,0,0.2730965560756423
33,0,97.66,2.978,126.1392,9.495,2010,7,26,1,1,0.5588819890497048
4,0,48.05,2.78,126.6072,7.127,2010,11,46,1,0,0.2377113794364177
4,0,64.22,3.781,128.9998667,5.946,2011,4,17,0,0,0.17014885318754655
25,0,72.08,3.654,214.7433514,7.28,2012,8,31,1,1,0.7376716551350565
21,0,79.49,3.561,221.3828029,6.891,2012,5,21,0,1,0.7666531992646571
19,0,46.53,3.112,132.152129,8.185,2010,5,19,1,0,0.29924297083532486
15,0,63.9,3.989,135.0837333,7.658,2011,6,24,1,1,0.7219488307651056
35,0,51.81,3.569,140.4447903,8.745,2011,10,43,0,0,0.2371165743366507
20,0,64.02,3.742,209.1893892,7.274,2011,9,37,0,0,0.14494999573919262
45,0,70.63,3.703,186.6189274,8.625,2011,9,35,0,1,0.5459175222739627
29,0,26.39,3.24,133.1834194,10.256,2011,2,5,0,1,0.5025912646479679
16,0,43.26,3.76,199.0539368,5.847,2012,10,41,0,0,0.2871552981020097
45,0,77.0,3.812,186.4512115,8.625,2011,8,32,0,1,0.5086016824243471
42,0,62.11,4.273,130.8261935,7.545,2012,3,11,1,0,0.4924634915507574
29,0,73.21,2.796,132.6616129,10.409,2010,8,33,1,0,0.44833661528046437
38,0,50.58,3.702,130.3496774,12.187,2012,2,5,1,1,0.7518544855593138
10,0,87.4,3.743,129.2405806,8.257,2011,8,33,1,0,0.49827407497030346
38,0,46.2,3.66,130.2792258,12.187,2012,1,3,1,0,0.1233423678865667
5,0,83.81,3.699,215.8384319,6.489,2011,6,22,1,1,0.7745938783635328
2,0,54.52,2.72,210.8733316,8.324,2010,3,11,1,0,0.3355675300065553
7,0,50.64,3.789,198.5903276,7.872,2012,9,39,0,0,0.11180489468167935
32,0,52.1,3.901,197.780931,8.09,2012,4,15,1,1,0.5269487786394296
18,0,47.88,3.571,136.4666667,8.471,2011,11,46,0,0,0.4350092985992621
13,0,56.47,3.809,131.1453333,5.965,2012,5,19,1,1,0.5343801720955746
10,0,85.75,2.939,126.1900333,9.199,2010,9,38,0,0,0.12341637745051488
40,0,65.25,3.85,138.1101935,4.125,2012,5,21,1,1,0.7879309637954655
29,0,74.37,2.792,132.6141935,10.409,2010,8,31,1,1,0.5918642549495406
36,1,77.94,3.499,214.6155376,8.177,2011,9,36,0,0,0.4039668232353939
35,0,78.26,2.783,136.4179827,8.861,2010,7,28,1,0,0.4043997121040936
7,0,64.6,3.57,197.9792136,7.872,2012,7,30,1,0,0.3419325295999946
31,0,88.09,3.407,221.5785461,6.565,2012,7,30,0,0,0.37694209506621273
13,0,76.34,2.85,126.0766452,7.951,2010,8,33,1,0,0.4133501956766125
34,0,54.56,3.362,129.7936774,10.148,2011,10,43,1,0,0.22864739157216524
26,0,60.71,3.577,138.1962667,7.489,2012,6,26,1,1,0.6653305137041454
17,0,53.94,2.95,126.1843871,6.635,2010,5,20,0,0,0.4590357240483625
7,1,45.61,3.566,194.6387853,8.622,2011,9,36,1,0,0.37694426562433697
8,0,56.68,3.488,217.7705442,6.262,2011,3,11,1,0,0.45906448015954665
25,0,46.41,3.53,211.1847207,7.082,2011,11,46,1,0,0.43865728558862166
20,0,60.04,3.882,216.1515902,7.293,2012,10,43,0,0,0.3685402889334941
35,0,46.9,2.85,135.7464988,9.051,2010,4,13,1,0,0.4466447625816061
12,0,94.61,3.74,129.2832581,13.503,2011,8,34,1,1,0.5445835149209742
6,0,78.49,3.467,217.9188471,6.925,2011,9,38,0,0,0.12413159863617872
24,0,76.42,3.732,138.2331935,8.953,2012,7,29,1,0,0.4361224338311967
30,0,39.05,2.572,210.7526053,8.324,2010,2,5,1,0,0.4284249554813644
34,0,75.89,3.646,130.8853548,9.285,2012,8,35,0,1,0.7444831579745003
36,0,63.43,2.708,209.5938656,8.464,2010,4,13,1,0,0.4510474524560289
26,0,15.22,3.542,136.8564194,7.467,2012,1,3,0,0,0.08682904400837314
21,0,48.72,3.172,218.3590319,7.441,2011,12,48,1,1,0.8129111275072136
15,0,77.33,2.94,132.5461333,8.099,2010,7,27,1,1,0.7102936164078918
26,1,61.58,3.921,138.4729355,7.405,2012,9,36,1,1,0.6246941723795859
15,0,72.62,3.689,138.263,8.193,2012,7,28,0,1,0.5121242275542384
44,0,71.33,2.802,126.1518,7.804,2010,7,27,0,1,0.5548969118993046
27,0,65.15,4.029,142.0970115,8.253,2012,5,20,0,0,0.45486949243416086
39,0,55.5,2.771,210.65429,8.476,2010,11,46,0,0,0.3030086134612515
21,0,67.87,2.808,210.1495463,8.2,2010,4,15,0,0,0.3897904152516318
14,0,76.61,2.815,182.3187801,8.743,2010,7,26,1,1,0.6263017718865196
27,0,52.24,3.981,138.1646952,7.725,2011,4,15,0,0,0.42789767352589414
1,0,42.27,2.989,212.5668812,7.742,2011,2,5,1,1,0.579808655535089
39,0,79.84,3.346,220.4886472,6.989,2012,6,25,1,1,0.6980027079381353
44,0,44.69,3.407,128.5121935,7.224,2011,3,11,0,0,0.4195675404844136
41,0,37.21,3.095,196.5458309,6.589,2012,1,1,0,0,0.4411594394076349
20,1,68.74,3.738,209.0225562,7.274,2011,9,36,0,0,0.48844972144617294
21,0,50.43,2.708,211.265543,8.163,2010,12,48,1,1,0.7534305005279992
17,1,14.19,3.034,127.859129,6.866,2011,2,6,0,1,0.8058980006541269
20,0,70.97,2.899,204.1406556,7.856,2010,5,21,1,1,0.6324866158831278
10,1,55.73,3.722,130.3849032,7.545,2012,2,6,1,1,0.9027428711695082
28,0,84.51,4.11,131.0983226,11.627,2012,5,20,0,1,0.6404024326375302
36,0,77.34,2.767,209.3922937,8.464,2010,5,20,1,0,0.33589029941427373
10,0,73.03,3.818,128.8238065,8.494,2011,4,14,1,1,0.715124995863197
16,0,37.77,3.663,192.6243322,6.339,2011,4,17,0,0,0.13222695091231315
43,0,48.77,2.514,203.2479796,9.521,2010,2,7,1,1,0.7656772903240641
45,0,45.65,2.917,182.9463648,8.724,2010,11,44,0,1,0.6548769316509433
33,0,76.73,3.843,129.7936774,8.01,2011,10,43,0,0,0.3127325266095906
6,0,80.39,3.501,223.3539397,5.964,2012,6,22,1,1,0.8772706359970524
30,0,50.79,3.29,219.7188636,7.057,2012,1,4,0,0,0.061029357162025295
13,0,74.93,2.837,126.064,7.951,2010,8,32,0,0,0.4090346686690267
45,0,65.32,4.038,191.8567038,8.684,2012,9,38,0,0,0.15481512759057092
42,0,75.01,3.827,129.6938,7.874,2011,10,40,1,0,0.4712078681575098
6,0,76.49,2.624,213.1152886,6.973,2010,9,38,0,0,0.12448388338295856
35,0,50.81,3.0,136.7715714,8.763,2010,11,46,0,0,0.36782416426648334
7,0,50.6,3.804,197.5886046,8.09,2012,5,21,0,1,0.6949286923471459
38,0,77.27,4.186,131.1453333,11.627,2012,5,19,1,1,0.6125951219916204
1,0,80.42,3.311,221.9327267,6.908,2012,7,29,0,0,0.4546039002191917
24,0,68.88,3.964,135.2652667,8.212,2011,6,25,0,1,0.5401261181800712
9,0,68.58,2.835,213.848478,6.384,2010,5,18,0,1,0.6981816702271868
26,0,64.43,3.827,135.7837419,7.767,2011,7,28,1,0,0.37780533928725907
22,0,66.56,3.683,142.1292548,7.671,2012,6,24,1,1,0.8097729076261618
16,1,19.66,2.829,191.2557002,6.986,2010,12,52,1,0,0.18636502085506276
26,0,35.34,2.834,131.8242903,8.488,2010,3,11,0,0,0.37703571882707604
35,0,35.8,3.422,140.6461359,8.744,2012,1,1,0,0,0.29852120200523113
2,0,41.76,3.158,218.605037,7.441,2011,12,49,1,1,0.8805267832580801
25,0,46.12,2.902,203.6905586,7.856,2010,4,16,1,0,0.4499779187275102
35,0,45.9,2.931,136.8349032,8.763,2010,11,45,1,1,0.6284991025741984
23,0,63.27,4.034,134.7677742,4.781,2011,5,21,1,1,0.6184879006347336
9,0,84.49,2.608,214.7865779,6.442,2010,7,29,0,0,0.3144712643908968
45,0,34.89,2.754,182.0774691,8.992,2010,2,8,0,0,0.24406388893791375
21,0,77.72,3.62,221.8083518,6.565,2012,8,34,1,1,0.6128142172445297
24,0,42.3,3.627,136.5030667,8.454,2011,12,49,1,1,0.9195529397081135
32,0,39.88,2.684,189.7372075,9.014,2010,3,10,0,0,0.37561913449693457
4,0,80.94,3.372,130.8295333,4.308,2012,6,24,1,1,0.9085723807053467
8,0,37.91,2.561,214.6940735,6.299,2010,2,8,0,0,0.25086847741502294
6,0,73.68,2.835,211.8442706,7.092,2010,5,18,1,1,0.6999896149802103
23,0,64.76,2.815,132.5218667,5.326,2010,7,26,1,1,0.5698259666752099
16,0,48.93,3.854,197.5971285,6.169,2012,4,14,0,1,0.7848077502637402
45,0,74.48,3.742,191.0091712,8.567,2012,6,22,1,1,0.872165658563732
24,0,68.13,3.997,138.2814516,8.953,2012,8,34,0,1,0.5215180242150838
43,0,62.19,2.719,202.83803,9.593,2010,4,13,1,1,0.5883246357191068
35,0,30.83,3.109,136.5255714,8.763,2010,12,49,1,1,0.8314381356679925
25,0,36.01,3.816,213.6718127,6.961,2012,3,9,0,1,0.6464410118224091
2,0,67.2,3.814,221.255812,6.891,2012,4,17,0,0,0.26252332837418424
12,0,90.47,3.875,130.7562667,11.627,2012,6,26,0,1,0.7853394254611871
6,0,47.78,2.976,212.9134266,6.858,2011,1,1,0,0,0.24731659898585903
9,0,65.35,2.633,215.290437,6.56,2010,10,40,0,0,0.42078400348421635
26,0,50.72,3.758,136.367,7.767,2011,9,38,0,0,0.11862787013421328
33,0,79.64,4.468,131.1083333,6.895,2012,10,41,1,0,0.3919316809429146
10,0,88.37,3.049,126.064,9.199,2010,8,32,1,0,0.4135944136989513
27,0,37.24,3.874,141.2140357,8.009,2012,2,7,0,1,0.7559538617473769
23,0,68.65,2.796,132.6616129,5.326,2010,8,33,1,0,0.4890212388225469
38,0,67.31,3.805,129.7706452,12.89,2011,10,41,1,0,0.2147194134257033
4,0,51.86,3.495,128.5121935,6.51,2011,3,11,1,0,0.368592558892183
10,0,67.75,4.111,131.1173333,7.382,2012,4,16,0,1,0.6598293702741944
15,0,58.84,4.029,138.1065806,8.15,2012,5,20,0,0,0.455654676079318
21,0,70.87,2.835,210.0011018,8.2,2010,5,18,1,1,0.6701748282419261
31,0,86.2,2.619,211.2241759,8.099,2010,8,34,0,0,0.4661473653757137
28,0,84.83,4.103,130.8896774,11.627,2012,6,23,1,1,0.8878486516480432
29,0,68.08,3.809,136.3145,9.863,2011,9,37,0,0,0.1433123641501286
27,0,78.02,2.958,136.3483143,8.058,2010,6,25,1,1,0.5838702994743626
45,1,46.15,3.039,182.7832769,8.724,2010,11,47,1,1,0.9073706615643109
10,0,83.98,3.769,130.7195806,7.17,2012,7,30,0,0,0.3440335762680681
40,0,35.76,3.634,133.8492258,5.114,2011,3,11,0,0,0.37283708212593375
7,0,27.03,3.113,196.9432711,8.256,2012,2,7,1,1,0.8280264314545307
24,0,17.91,3.402,133.1059677,8.252,2011,1,4,0,0,0.027451588734865633
7,0,38.26,2.725,189.7048215,8.963,2010,4,13,1,0,0.48315601747563797
28,0,57.75,3.818,128.3995,14.021,2011,3,10,1,0,0.31484279865501164
8,0,71.1,3.666,226.5675714,5.401,2012,9,39,0,0,0.13221698037626403
38,0,66.73,4.222,131.1173333,11.627,2012,4,16,1,1,0.6874294309096289
34,0,41.04,3.286,129.8167097,10.148,2011,11,45,1,1,0.5789977571131005
11,0,84.4,3.355,220.085696,7.567,2011,9,39,0,0,0.08484439609087209
16,0,35.75,3.461,192.2691707,6.339,2011,4,13,0,0,0.480977396585943
6,0,43.58,2.514,212.8161546,7.259,2010,2,7,1,1,0.6097380837653253
35,0,64.77,3.798,142.1032776,8.876,2012,5,21,0,1,0.6597789906231898
45,0,53.69,3.821,185.5339821,8.521,2011,4,15,1,0,0.42582029071299854
9,0,69.19,3.891,225.2562439,5.539,2012,4,15,1,1,0.5758822556387665
12,0,94.87,4.002,130.7909677,10.926,2012,8,33,1,1,0.8179227236522416
41,0,60.13,2.7,189.422658,7.363,2010,6,22,1,1,0.7680583975748208
13,0,35.38,3.145,130.5502069,6.104,2012,2,8,0,0,0.4774379361683399
4,0,36.45,2.54,126.5262857,8.623,2010,2,7,0,0,0.39759914799208224
15,0,69.19,3.906,136.2136129,7.806,2011,8,34,1,1,0.5081573448956956
41,0,41.2,3.735,192.7252006,6.934,2011,5,18,1,1,0.6277483557957501
42,0,86.75,3.694,129.1677097,8.257,2011,7,30,0,0,0.17021587521138065
44,0,34.9,2.846,126.9835806,7.61,2010,12,51,1,1,0.8997552393005166
25,0,57.58,3.985,215.9258865,7.293,2012,10,40,1,1,0.5520806104161875
45,0,35.78,3.274,184.1625632,8.549,2011,2,8,0,0,0.3100980940039936
33,0,55.61,3.034,126.6042857,10.115,2010,3,10,1,0,0.22808979712958324
22,1,73.3,3.921,142.500303,7.753,2012,9,36,0,1,0.6276673093946062
14,0,51.78,3.569,187.8774913,8.523,2011,10,43,1,0,0.24917671607541494
17,0,32.02,3.38,130.7413793,6.403,2012,3,10,0,1,0.6352164532147555
18,0,59.91,2.849,131.9408065,9.269,2010,4,14,1,1,0.7312841672645968
1,0,77.22,3.561,221.744944,7.143,2012,5,21,1,1,0.7331910998876805
14,0,46.66,3.631,184.809719,8.549,2011,3,11,0,0,0.423948248835604
28,0,92.81,3.041,126.0766452,14.18,2010,8,33,0,0,0.41599785452215854
37,0,84.0,3.407,220.6234054,6.623,2012,7,30,0,0,0.32895785472363864
38,0,64.95,3.109,126.5621,14.099,2010,4,15,0,0,0.3072801474384239
31,0,52.21,3.268,219.6258417,7.057,2012,1,3,0,0,0.1375447490393955
18,0,70.17,3.577,138.1962667,8.304,2012,6,26,1,1,0.6799111318675328
37,0,70.48,3.845,220.0454862,7.244,2012,3,13,1,0,0.37208145289939626
31,0,44.04,3.01,211.8552668,8.028,2011,1,4,0,0,0.028733378059999946
34,0,39.28,3.273,130.2792258,9.653,2012,1,3,0,0,0.11165584179108795
14,0,82.99,3.475,191.1338827,8.684,2012,7,27,0,1,0.7840836731238259
4,0,40.31,3.29,130.3144516,4.607,2012,1,4,0,0,0.08168648742072106
15,0,63.16,3.095,132.1062,8.185,2010,5,18,1,1,0.77143393987328
38,0,83.26,3.877,129.6060667,13.503,2011,9,39,0,0,0.06809745506609839
2,0,67.14,3.907,215.3834778,7.931,2011,5,20,0,0,0.25598463912687713
38,0,81.22,3.966,131.043,10.926,2012,9,39,1,0,0.2218285132237554
7,0,46.85,3.661,192.9982655,8.595,2011,6,25,1,0,0.38938844690824254
16,0,48.91,3.498,194.9459724,6.232,2011,10,40,0,0,0.47909202542512375
27,0,52.34,2.963,135.7073618,8.237,2010,3,12,1,0,0.22209137225438796
2,0,52.7,3.459,213.7646401,8.028,2011,3,10,0,0,0.3646079412242628
6,0,80.83,3.786,217.0544307,6.855,2011,5,21,0,1,0.5792126801359506
24,0,26.09,3.452,133.4921429,8.252,2011,2,8,0,0,0.2834761185106091
31,0,50.56,3.159,218.8217928,7.441,2011,12,50,1,1,0.9349792260986296
38,1,52.27,3.722,130.3849032,12.187,2012,2,6,1,1,0.898051351726573
41,0,42.87,3.532,192.3418571,6.934,2011,4,14,0,1,0.6796918482427512
17,0,65.71,3.595,129.1846452,6.745,2011,8,31,0,1,0.6958499020188913
41,0,48.09,2.762,190.9070184,7.508,2010,10,42,0,0,0.22563149454167908
10,0,91.8,2.971,126.1498065,9.199,2010,7,28,1,0,0.33418258275362767
3,0,84.29,3.699,218.6449369,7.574,2011,6,22,0,1,0.7574118017462148
18,0,49.66,3.991,138.0332,8.304,2012,5,18,0,1,0.7631783977029104
7,0,17.46,3.101,191.9647167,8.818,2011,2,8,0,0,0.24076614671319088
29,0,57.06,2.849,131.9408065,10.16,2010,4,14,1,1,0.705734995295466
32,0,65.06,3.661,192.9982655,8.595,2011,6,25,1,0,0.45298040584820604
17,0,25.13,2.842,126.8794839,6.885,2010,12,50,1,1,0.9286232700932561
8,0,45.56,3.36,223.7079023,5.825,2012,2,5,1,1,0.7375961605330099
31,0,90.11,3.554,215.3229307,7.852,2011,8,33,1,0,0.48626880401182543
17,0,68.98,2.814,126.1392,6.697,2010,7,26,1,1,0.7148815609193815
8,0,86.46,3.682,218.8910733,6.425,2011,7,30,0,0,0.20481287576867022
8,0,78.79,2.637,214.8324452,6.29,2010,6,24,0,1,0.753219791033327
17,0,40.69,3.671,130.8966452,6.403,2012,3,12,0,0,0.37015997074238766
16,0,56.74,3.837,197.5553137,6.169,2012,5,20,0,0,0.4884177421696625
19,0,73.7,3.915,135.7837419,7.806,2011,7,28,0,0,0.4050311094036321
34,0,55.58,3.495,128.5121935,10.398,2011,3,11,1,0,0.4100353101371079
22,1,28.89,3.255,137.1378318,8.458,2011,2,6,1,1,0.7670883792334476
44,0,43.85,3.683,128.9998667,6.906,2011,4,17,0,0,0.12999954461981192
30,0,77.53,3.749,221.3095166,6.891,2012,5,18,1,1,0.8374926576275422
28,0,67.31,3.805,129.7706452,12.89,2011,10,41,0,0,0.20746045971271843
35,0,75.16,2.779,136.5249182,8.861,2010,8,33,1,0,0.49727923635115934
13,0,71.83,2.82,126.1266,8.107,2010,6,25,1,0,0.4040075755843067
22,0,76.3,2.796,136.4179827,8.433,2010,7,28,0,0,0.3955901537886275
11,0,68.71,2.633,215.060858,7.564,2010,10,40,0,0,0.4333060467159584
2,0,64.01,3.787,220.9244858,7.057,2012,3,12,0,0,0.31107323214351207
39,0,69.11,3.845,220.0454862,7.244,2012,3,13,1,0,0.4238839697077474
43,0,69.88,3.845,212.8142212,9.653,2012,3,13,0,0,0.412702727180393
1,0,80.69,2.705,211.1764278,7.808,2010,6,22,1,1,0.7854880981205589
33,0,57.8,3.781,130.4546207,7.603,2012,2,7,1,1,0.8284462468047707
25,0,22.65,3.109,204.6877378,7.484,2010,12,49,1,1,0.8205401479409699
45,0,63.82,3.541,187.6917481,8.523,2011,10,41,0,0,0.29234058665088947
44,0,35.7,2.654,126.5262857,8.119,2010,2,7,0,1,0.596180886436723
9,0,77.9,3.62,225.9364729,5.277,2012,8,34,1,1,0.611259298523508
18,0,42.36,3.47,136.5030667,8.471,2011,12,49,1,1,0.9222343988975179
3,1,68.71,2.735,215.0614025,7.564,2010,11,47,1,1,0.9271893228536238
11,0,79.66,2.705,214.4958382,7.343,2010,6,22,1,1,0.7804453673928614
22,0,39.11,3.445,140.4700795,7.706,2011,12,50,1,1,0.9431333089463255
7,0,29.53,3.479,195.7184713,8.513,2011,11,46,0,0,0.332528268530834
29,0,62.17,4.018,138.7395,9.419,2012,9,39,0,0,0.09496986116504967
25,1,21.18,3.239,206.0763862,7.343,2011,2,6,0,1,0.7697714732354717
26,0,19.63,3.263,133.3701429,7.907,2011,2,7,0,1,0.6805796791192372
45,0,53.15,2.921,181.6620359,8.899,2010,4,17,0,0,0.15730321320230864
38,0,91.74,3.743,129.2405806,13.503,2011,8,33,0,0,0.487902311203465
15,0,47.13,3.112,132.152129,8.185,2010,5,19,0,0,0.3194329665029456
10,0,84.57,3.981,129.0357097,8.494,2011,6,23,0,1,0.7449751131615493
42,0,82.27,3.877,129.6060667,8.257,2011,9,39,0,0,0.06496488136617772
33,0,76.07,3.99,129.0756774,8.687,2011,5,20,0,0,0.2991441729461654
27,1,29.59,3.336,136.665265,8.021,2010,12,52,0,0,0.21074813990673086
36,0,70.06,3.888,220.3014485,6.989,2012,4,17,0,0,0.26524248779581255
13,0,50.39,2.915,126.5621,8.107,2010,4,15,0,0,0.2891871726262091
45,0,79.97,3.523,191.1685192,8.684,2012,7,28,0,1,0.5451630178329672
10,0,65.29,3.004,126.6019032,9.524,2010,4,14,1,1,0.5735126449015299
23,0,45.48,3.571,136.4666667,4.42,2011,11,46,0,0,0.47088039346256505
29,0,40.58,3.633,137.0632581,8.988,2012,2,5,0,1,0.7643279614019429
24,1,41.83,3.689,136.4788,8.454,2011,11,47,1,1,0.9206431105337011
38,0,77.99,4.193,131.1266667,11.627,2012,4,17,1,0,0.3815255311512232
37,0,84.14,2.653,210.0975233,8.464,2010,6,25,0,0,0.4308648815210019
34,0,46.21,3.305,128.26475,10.398,2011,3,9,1,1,0.5221722747642623
30,0,76.1,3.717,222.2174395,6.565,2012,9,37,0,0,0.2308410191149688
34,0,76.72,2.698,126.064,9.816,2010,8,32,1,1,0.5078656104559056
17,0,30.01,3.145,130.5502069,6.403,2012,2,8,0,1,0.5317058085581058
3,0,65.11,3.288,217.1716979,7.551,2011,3,9,1,1,0.6219293695634789
8,1,35.71,3.409,223.8024507,5.825,2012,2,6,1,1,0.8458796012876948
18,0,73.57,3.88,136.144129,8.89,2011,8,32,0,0,0.47389489594790496
26,0,40.56,2.935,132.0644333,8.512,2010,4,17,0,0,0.12849070336899496
15,0,73.13,3.819,138.1735806,8.193,2012,8,31,0,1,0.7321433892196318
33,0,92.71,3.017,126.1069032,9.495,2010,7,30,0,0,0.14247421193438897
40,0,74.25,2.796,132.5667742,5.326,2010,7,28,1,0,0.4109962833845115
2,0,69.79,3.506,223.0783366,6.17,2012,10,43,0,1,0.5094690942144823
34,0,42.74,3.619,130.6457931,9.653,2012,3,9,1,1,0.6263582001749147
17,0,33.96,2.782,126.6066452,6.548,2010,3,11,0,0,0.4950973142928419
45,0,38.65,3.433,184.3879911,8.549,2011,3,9,0,1,0.5669461715962254
5,0,52.47,2.732,211.5718925,6.566,2010,3,12,0,0,0.15275404462927264
33,0,100.14,2.971,126.1498065,9.495,2010,7,28,1,0,0.3502354956401165
27,0,78.95,3.689,142.2548214,8.239,2012,7,28,1,1,0.5173066049068004
8,0,49.68,3.332,221.2936581,6.123,2011,11,44,1,1,0.6711852693949785
23,0,34.3,3.065,132.7566667,5.287,2010,12,48,1,1,0.7630918534099874
1,0,84.34,2.653,211.3386526,7.808,2010,6,25,0,1,0.5206016330538826
42,0,86.13,3.123,126.0854516,9.199,2010,8,31,1,0,0.4621496927107724
32,0,62.62,3.498,194.9459724,8.513,2011,10,40,1,1,0.5215251176539126
34,1,72.61,2.574,126.1145806,9.816,2010,9,36,0,1,0.5150652583767131
19,1,68.28,3.93,136.2745806,7.806,2011,9,36,1,1,0.5036879301737928
32,0,64.69,2.737,189.4452425,8.963,2010,5,21,1,1,0.598194685588945
40,0,21.64,3.132,132.6764,5.287,2010,12,49,1,1,0.8057057901329949
36,0,61.96,2.619,210.1413607,8.554,2010,3,10,1,0,0.4033220325763912
40,1,19.29,3.177,132.8150323,5.287,2010,12,52,0,0,0.16784596898839207
24,0,36.5,3.666,136.753,8.659,2012,1,2,0,0,0.1790045733030179
32,0,71.46,2.732,190.2948237,9.017,2010,8,33,1,0,0.45409407009700253
16,0,63.59,2.732,190.2948237,6.868,2010,8,33,1,0,0.4464140655307766
14,0,45.52,3.848,190.3359973,8.424,2012,3,10,1,1,0.514213943614075
9,0,44.72,3.016,215.3554013,6.416,2011,1,3,0,0,0.07232881459858861
37,0,71.2,3.285,215.7831333,7.716,2011,10,40,1,0,0.46739710496450493
26,0,47.11,3.947,138.0882667,7.489,2012,5,19,1,0,0.48087812711970424
3,0,61.7,3.297,221.4117517,7.197,2011,11,45,1,1,0.68797397074905
39,0,71.45,3.594,222.0951719,6.228,2012,10,42,1,1,0.5382125635608923
3,0,78.58,3.561,225.2515168,6.664,2012,5,21,1,1,0.740324625418495
21,0,55.83,3.36,219.8118854,7.057,2012,2,5,0,1,0.7709569121935913
11,0,74.26,3.506,226.9873637,6.034,2012,10,43,0,1,0.5084908523450505
23,0,67.43,2.81,132.63,5.326,2010,8,32,0,0,0.4822454746221035
13,0,66.84,2.875,126.1454667,7.951,2010,9,37,0,0,0.10581628287564629
43,0,79.79,2.64,203.2961774,9.816,2010,7,30,0,0,0.20832087905798388
25,0,42.11,3.72,208.1092642,7.287,2011,4,14,0,1,0.6494663581101472
24,0,68.28,3.786,138.1295333,8.983,2012,6,24,1,1,0.7820973590295144
34,0,64.94,3.532,129.4306,10.641,2011,9,37,0,0,0.09597843870410935
29,0,46.4,3.921,137.7261935,8.988,2012,3,13,0,0,0.36125593847246884
4,1,82.09,3.709,130.9325484,4.077,2012,9,36,1,1,0.7786484768392671
33,0,91.45,3.001,126.2346,9.265,2010,10,39,0,0,0.08771334848316338
17,1,18.36,2.671,126.4962581,6.548,2010,2,6,0,1,0.8135365267596671
7,0,63.07,3.741,197.6551863,8.09,2012,6,23,1,1,0.8695711570766295
13,0,61.11,3.788,130.9592258,5.965,2012,6,22,1,1,0.8550488041221339
43,0,87.84,3.533,207.6206959,10.641,2011,9,35,0,1,0.5450933457519275
7,0,54.56,3.542,194.1105017,8.622,2011,8,32,1,0,0.4300305151697578
23,0,67.21,3.973,134.8551613,4.781,2011,6,22,1,1,0.8005889230058565
14,0,74.04,3.748,185.9119885,8.625,2011,7,26,1,1,0.5861537700437102
3,0,72.04,2.716,215.2274686,7.564,2010,10,43,0,0,0.2674815544021371
13,0,82.27,2.797,126.1283548,7.951,2010,7,29,0,0,0.29257033069222
22,0,46.06,3.867,141.55478,7.503,2012,3,11,0,1,0.5634038076700764
38,0,64.05,4.121,131.0375484,11.627,2012,4,14,1,1,0.8246074437773044
20,1,76.36,3.911,215.2189573,7.28,2012,9,36,1,1,0.6208204992784718
17,0,69.31,3.58,129.3259355,6.745,2011,9,35,0,1,0.6758470813559012
28,0,65.49,3.129,126.4912903,14.313,2010,11,44,1,1,0.5606196252834277
35,0,49.4,3.953,141.6990864,8.744,2012,3,13,0,0,0.28897020044507105
26,0,71.08,2.806,132.5461333,8.445,2010,7,27,1,1,0.6630765199760003
29,0,67.13,2.805,132.4733333,10.16,2010,6,24,1,1,0.6850890034476105
45,0,46.14,2.931,182.9916129,8.724,2010,11,45,1,1,0.6475140537390673
17,0,25.06,2.654,126.5262857,6.548,2010,2,7,0,1,0.7546847691047583
11,0,56.43,3.268,223.4700552,6.833,2012,1,3,0,0,0.1470595052931033
30,0,57.1,2.667,211.037551,8.324,2010,3,10,1,0,0.3569150796481787
45,0,40.93,3.046,182.6676154,8.724,2010,12,48,1,1,0.7870506335410068
9,0,67.27,3.274,220.9836849,6.054,2011,10,41,0,0,0.2536699931051477
38,0,64.36,4.294,130.9670968,12.187,2012,3,13,1,0,0.36541218330238096
38,0,50.43,3.599,130.1575161,12.187,2012,1,1,1,0,0.3957432223978593
16,0,53.68,3.596,194.7419707,6.338,2011,9,37,1,0,0.13243709015037766
27,1,47.88,3.689,140.4217857,7.906,2011,11,47,1,1,0.925492808130757
3,0,66.53,3.787,224.7909104,6.833,2012,3,12,1,0,0.30074812822351304
7,0,51.49,3.927,197.664546,8.09,2012,4,17,0,0,0.287217398185685
12,0,76.2,3.12,126.1843871,14.099,2010,5,20,0,0,0.30825954623007057
34,0,54.4,3.866,129.0444333,10.581,2011,5,18,1,1,0.545671410837659
44,0,52.4,3.77,129.089,6.906,2011,5,19,1,0,0.32980140498035576
45,0,49.73,3.996,190.6851712,8.567,2012,4,14,1,1,0.7261578892232198
23,0,50.07,4.078,134.5143667,4.781,2011,5,18,1,1,0.6746827952352603
38,0,83.12,3.087,126.1019355,14.18,2010,9,35,0,0,0.4198270468930987
12,0,43.33,3.041,126.7313333,14.313,2010,12,48,1,1,0.6501239203782492
10,0,48.36,3.541,129.9845484,7.874,2011,12,51,1,1,0.9357238027154009
15,0,20.87,3.452,133.4921429,7.771,2011,2,8,0,0,0.2517664088996898
26,1,18.14,2.771,131.5866129,8.488,2010,2,6,1,1,0.7131813780160102
28,0,93.47,3.769,130.7195806,10.926,2012,7,30,0,1,0.5119000661120634
45,0,59.45,3.9,190.5363213,8.424,2012,3,12,1,0,0.3442383132680526
42,1,89.06,3.771,129.3686129,8.257,2011,9,36,1,0,0.4854366878424564
41,0,32.87,3.505,195.6376941,6.759,2011,11,45,1,1,0.6219953785540696
23,0,56.82,2.849,131.9408065,5.435,2010,4,14,0,1,0.7378152104737922
33,0,62.16,2.915,126.5262857,10.115,2010,2,7,1,1,0.5862854382959228
2,0,82.64,3.638,221.9415576,6.565,2012,8,35,1,1,0.7678461522468211
41,1,36.37,3.424,195.7704,6.759,2011,11,47,1,1,0.9163944639426225
5,0,79.45,3.62,222.7617437,5.603,2012,8,34,1,1,0.5924596397526758
16,0,51.4,3.789,198.5903276,6.061,2012,9,39,0,0,0.09143384383533429
7,0,57.57,2.731,190.3284922,9.017,2010,8,34,0,0,0.42795039366511073
5,0,70.96,2.725,212.4169928,6.768,2010,10,42,0,0,0.25435505635182587
7,0,63.41,3.509,198.0795651,7.872,2012,8,32,1,1,0.6779075927310878
38,0,88.16,3.76,130.737871,10.926,2012,8,31,1,1,0.8631347965550947
17,0,53.79,2.871,126.1360645,6.635,2010,6,22,1,1,0.812823683464561
36,0,78.94,3.636,220.4287124,6.989,2012,5,21,0,1,0.7519715952685769
18,0,38.1,3.876,137.5066897,8.075,2012,3,10,1,1,0.5380797757073476
33,0,97.17,3.697,129.1507742,8.442,2011,7,29,0,0,0.36019785929577597
20,0,69.66,3.748,208.3346432,7.274,2011,7,26,0,1,0.5826028843274899
21,0,52.21,3.268,219.6258417,7.057,2012,1,3,0,0,0.1417464388005705
6,0,40.43,2.572,212.6223518,7.259,2010,2,5,1,0,0.4667407705622431
39,0,53.55,2.708,210.376263,8.476,2010,12,48,1,1,0.7801600309808803
10,1,84.04,2.961,126.1145806,9.199,2010,9,36,0,0,0.4137389535523768
35,0,76.51,3.807,142.2157385,8.839,2012,8,33,1,1,0.5693020947694772
33,0,58.75,3.677,129.8167097,8.01,2011,11,45,1,1,0.6575729719625522
12,0,52.27,4.178,130.6457931,12.187,2012,3,9,1,1,0.6757192151763947
25,0,42.85,3.452,211.6394306,7.082,2011,12,48,1,1,0.8584930633283612
34,0,77.78,3.552,130.7909677,9.285,2012,8,33,1,1,0.6473514610743863
33,0,63.34,3.716,128.6160645,8.951,2011,3,12,0,0,0.15927338659908002
36,0,66.74,2.769,209.2691428,8.464,2010,4,15,1,0,0.36594656916005364
20,0,53.73,3.862,214.0167132,6.961,2012,3,11,1,1,0.5999305560194707
29,0,37.47,3.827,137.4238966,8.988,2012,3,9,0,1,0.6656814119232611
41,0,36.7,2.692,189.734262,7.541,2010,3,11,0,0,0.36272927826212575
19,1,63.36,2.837,132.7564516,8.099,2010,9,36,1,0,0.48926665725846974
29,0,44.96,2.826,131.9019677,10.16,2010,4,13,1,0,0.4483067547364754
24,0,23.83,3.4,133.1834194,8.252,2011,2,5,0,1,0.591221448286938
18,0,70.9,3.973,134.8551613,8.975,2011,6,22,1,1,0.7737036297736067
25,0,51.93,3.969,216.1464699,7.293,2012,10,42,0,0,0.31573738048063993
42,0,70.27,3.698,129.7706452,7.874,2011,10,41,1,0,0.22297522649393867
16,0,47.34,2.776,189.467827,6.842,2010,5,20,0,0,0.3037698338822727
39,0,73.19,3.743,214.026217,8.3,2011,4,15,0,0,0.4301728791884468
36,0,70.9,2.725,209.170772,8.464,2010,4,17,1,0,0.15341589286977733
26,0,69.52,3.882,135.8738387,7.767,2011,7,29,1,0,0.3440059641630028
43,0,77.55,3.666,214.30525,9.285,2012,9,39,0,0,0.13925325208167325
10,0,85.19,4.308,131.0983226,7.382,2012,5,20,0,1,0.5754168653775475
27,0,58.97,4.055,142.0759262,8.253,2012,5,19,0,0,0.4307324485036153
36,0,69.56,3.917,214.5240376,8.3,2011,5,18,1,1,0.6018355109546896
1,0,59.17,3.524,214.8371664,7.682,2011,4,13,0,0,0.4734406489361572
21,0,66.93,2.78,210.0505833,8.2,2010,4,17,0,0,0.1437873860867595
10,0,68.76,3.13,126.4364194,9.003,2010,10,43,0,0,0.20247647795755752
9,0,71.9,3.743,218.9134935,6.38,2011,4,15,0,0,0.4374216394665099
19,0,56.81,4.158,138.7395,8.193,2012,9,39,0,0,0.07210499724584125
44,0,42.49,2.782,126.6066452,8.119,2010,3,11,0,0,0.3050409144928544
44,1,70.19,3.619,129.3686129,6.56,2011,9,36,0,1,0.5416640956119839
15,0,74.64,3.646,138.2296333,8.193,2012,7,27,1,1,0.7673821828190786
20,0,53.41,4.046,208.7992595,7.287,2011,5,18,1,1,0.6539726242043472
43,0,76.03,3.899,207.7281429,10.581,2011,5,19,1,0,0.3394677817302923
22,0,53.63,4.078,138.4131202,8.252,2011,5,18,1,1,0.6322617999867228
8,0,78.85,3.346,225.3558843,5.679,2012,6,25,1,1,0.694352386733514
5,0,84.76,3.594,215.6539583,6.489,2011,6,25,0,0,0.49086554381678077
14,0,48.79,2.844,182.0779857,8.992,2010,3,11,1,0,0.4067883823281485
41,0,23.76,2.882,191.3683815,7.241,2011,1,1,0,0,0.22769547484000238
39,0,70.03,2.78,209.170772,8.464,2010,4,17,0,0,0.16585246470762574
9,0,58.28,3.297,221.6482278,6.054,2011,11,45,1,1,0.6922834385566363
34,0,76.48,3.372,130.8295333,9.575,2012,6,24,1,1,0.8372670634201667
16,0,46.99,3.548,195.1789994,6.232,2011,10,42,1,0,0.27256444249007444
36,0,57.48,3.017,212.0063522,8.395,2011,2,7,1,1,0.7311864037782054
10,0,91.61,3.798,129.3259355,8.257,2011,9,35,0,1,0.60303882852151
22,0,69.31,2.717,136.6297571,8.572,2010,10,39,0,0,0.10157823726372268
34,0,76.58,3.618,129.0432,10.581,2011,6,24,1,1,0.6596434555539792
40,0,25.56,3.703,137.2583103,4.261,2012,2,7,1,1,0.7731582170323518
6,0,66.15,2.77,212.1308239,7.092,2010,4,14,1,1,0.6654911866355113
25,0,60.7,3.645,209.807836,7.274,2011,9,39,0,0,0.07726332660245505
1,0,72.03,3.81,215.6279544,7.682,2011,4,17,0,0,0.16710122536127048
45,0,39.93,3.413,188.7979349,8.523,2011,12,50,1,1,0.9371010661642724
45,0,54.26,2.982,181.6612792,8.899,2010,5,19,0,0,0.32823499088535
40,0,70.09,3.772,138.1437742,4.156,2012,8,32,1,1,0.678325135433493
25,0,74.0,3.842,208.719238,7.274,2011,8,31,0,1,0.6451714495546949
15,1,67.59,3.93,136.2745806,7.806,2011,9,36,1,1,0.5166729715086534
35,1,29.59,3.179,136.665265,8.763,2010,12,52,0,0,0.19696019760636502
7,0,18.67,3.095,196.5458309,8.256,2012,1,1,1,0,0.3269352955825563
29,0,59.3,3.618,136.5017742,9.357,2011,10,42,0,0,0.3294697360674243
39,0,71.05,3.372,216.4051315,7.716,2011,10,43,1,0,0.3291312783142451
45,1,27.73,2.773,181.982317,8.992,2010,2,6,0,1,0.7279954529686856
14,0,59.45,3.9,190.5363213,8.424,2012,3,12,0,0,0.3280581913306515
36,0,58.31,3.133,217.8781339,7.716,2011,12,50,0,1,0.946887279290527
6,0,75.27,3.81,217.1847255,6.855,2011,4,17,0,0,0.17246494477089608
30,0,56.36,3.524,214.4886908,7.931,2011,4,13,0,0,0.40573640752448725
10,0,91.59,3.663,129.2832581,8.257,2011,8,34,0,1,0.547333489194886
12,0,53.53,3.223,127.4404839,14.021,2011,1,3,0,0,0.07501101075097723
23,0,56.67,4.101,134.6803871,4.781,2011,5,20,0,0,0.34928582983012413
18,0,42.05,2.938,132.9245806,9.331,2010,11,44,1,1,0.5942434419918834
35,0,49.04,2.844,135.6682247,9.262,2010,3,11,1,0,0.38622522006696236
18,0,54.17,4.078,134.5143667,8.975,2011,5,18,1,1,0.641604171000552
33,0,59.53,3.543,130.3496774,7.603,2012,2,5,0,1,0.7904853858017383
42,0,81.87,3.893,129.0490323,8.494,2011,6,22,0,1,0.7205643061591201
24,0,43.39,3.796,133.8492258,8.252,2011,3,11,0,0,0.46505341255375976
36,0,54.44,2.694,210.376263,8.476,2010,12,48,0,1,0.7596283239403949
18,0,43.17,2.961,132.9783226,9.331,2010,11,45,1,1,0.5901530880663663
7,1,10.24,3.037,191.8572881,8.818,2011,2,6,1,1,0.7335990531184421
25,0,34.98,3.617,213.0236225,6.961,2012,2,5,0,1,0.7230930986224067
19,0,56.72,4.054,137.6552903,7.943,2012,3,12,0,0,0.33254644440286574
42,0,87.4,3.743,129.2405806,8.257,2011,8,33,0,0,0.447845919662387
13,0,72.89,3.737,130.7929,5.965,2012,6,25,1,1,0.6962541262268497
23,0,36.4,3.47,136.5030667,4.42,2011,12,49,1,1,0.924175056156431
32,0,23.78,2.882,191.3683815,8.818,2011,1,1,0,0,0.19821922897192354
12,0,91.04,3.701,129.2015806,13.503,2011,8,32,0,1,0.5232526851785042
23,0,71.12,3.772,138.1437742,4.156,2012,8,32,1,1,0.6909212844427245
38,0,57.79,3.13,126.5461613,14.313,2010,11,45,0,0,0.49803198177746316
44,0,44.42,2.948,126.2898,7.972,2010,5,18,0,1,0.5217271677266722
41,0,50.56,3.795,192.8365651,6.934,2011,5,21,1,1,0.5225190430614325
34,0,58.59,3.605,128.8238065,10.581,2011,4,14,1,1,0.6291592471093671
40,0,63.79,3.784,136.2440968,4.584,2011,9,35,1,1,0.55711355422483
16,0,45.85,2.762,190.9070184,6.986,2010,10,42,1,0,0.21830397556714426
30,0,45.31,2.561,210.9759573,8.324,2010,2,8,1,0,0.19540681720563421
6,0,87.0,3.524,216.7257388,6.925,2011,7,26,1,1,0.5825909040599094
23,1,66.74,3.921,138.4729355,4.156,2012,9,36,1,1,0.6599773778243904
17,0,36.71,3.435,128.6160645,6.866,2011,3,12,0,0,0.24299726874341762
36,1,41.16,3.009,211.6985093,8.395,2011,2,6,1,1,0.7406592224458087
15,1,26.54,3.336,132.8150323,8.067,2010,12,52,0,0,0.21898048495054898
2,0,90.22,3.417,221.5869799,6.565,2012,8,31,1,1,0.8228866218913429
23,0,69.97,3.84,138.1857097,4.156,2012,8,33,1,1,0.6694144179110352
19,1,42.62,3.186,132.8369333,8.067,2010,11,47,1,1,0.9051736115732567
1,0,67.61,3.845,221.3610119,7.348,2012,3,13,1,0,0.36017684138185263
21,0,90.11,3.554,215.3229307,7.852,2011,8,33,1,0,0.49500906387254134
24,0,60.48,4.117,134.4357333,8.212,2011,4,17,0,0,0.22006316381139193
16,0,55.78,3.735,192.8470612,6.339,2011,6,23,1,1,0.7280607776902165
41,0,59.54,3.661,192.9982655,6.934,2011,6,25,1,0,0.46015361859160914
4,0,38.71,3.176,129.8459667,5.143,2011,12,48,1,1,0.8382422648253521
2,0,46.66,3.112,218.9995495,7.441,2011,12,51,1,1,0.9350103689972875
7,0,60.13,2.723,190.2611552,9.017,2010,8,32,1,0,0.45218159443811884
12,0,67.38,3.105,126.3805667,14.099,2010,4,17,0,0,0.12650688759188838
42,0,72.79,3.843,129.7936774,7.874,2011,10,43,0,0,0.2726327562198203
2,0,55.21,3.36,219.8118854,7.057,2012,2,5,1,1,0.7706538982856846
19,0,41.66,4.061,134.3571,7.658,2011,4,16,1,0,0.4432144852297919
27,0,30.83,3.255,136.5255714,8.021,2010,12,49,1,1,0.8438607585183281
9,0,60.67,3.288,217.4036503,6.416,2011,3,9,1,1,0.6179873729553785
10,0,56.85,3.543,130.3496774,7.545,2012,2,5,1,1,0.7934967390560744
10,0,86.01,3.001,126.2346,9.003,2010,10,39,0,0,0.08855563861273247
2,0,65.11,2.795,210.1000648,8.2,2010,4,16,0,0,0.4563395461385364
15,1,22.0,2.94,131.5866129,8.35,2010,2,6,1,1,0.7204174001719612
36,0,61.97,2.705,210.7667944,8.476,2010,11,45,1,1,0.6116363814808561
32,0,36.59,2.717,189.7195417,9.014,2010,3,12,0,0,0.1373583795610918
18,0,20.79,3.24,133.1834194,9.131,2011,2,5,0,0,0.4883684619218357
14,0,41.76,3.625,184.9943679,8.549,2011,3,12,0,0,0.1697056369051748
25,0,72.73,2.805,204.8533784,7.527,2010,8,32,1,1,0.5324579601660553
21,0,86.2,2.619,211.2241759,8.099,2010,8,34,1,0,0.47486026020054123
13,0,60.62,3.592,129.6938,6.392,2011,10,40,1,1,0.5364108701686524
21,0,91.05,3.575,215.0134426,7.852,2011,7,28,0,0,0.3832412880794499
22,0,51.04,2.895,135.8721667,8.348,2010,4,16,0,0,0.48773816633970346
41,0,66.19,2.732,190.2948237,7.335,2010,8,33,1,0,0.4654523636837718
17,0,31.58,2.681,126.5782857,6.548,2010,3,9,0,1,0.6479489127227521
23,0,69.92,3.784,135.6283333,4.584,2011,7,27,1,1,0.6721985290645726
37,0,83.95,3.594,213.8402689,8.3,2011,6,25,0,0,0.4121324625417426
20,0,61.08,2.707,204.8850973,7.484,2010,10,39,0,0,0.09151563517286854
3,0,45.95,2.989,215.8863367,7.551,2011,2,5,1,1,0.5791399372163205
15,0,41.57,4.163,137.9781333,8.15,2012,4,17,0,0,0.15912291079345575
13,0,81.24,2.802,126.0854516,7.951,2010,8,31,1,1,0.5932720403868671
26,0,37.51,2.961,132.9783226,8.149,2010,11,45,0,1,0.6395806001808649
14,0,76.58,3.654,191.16409,8.684,2012,8,31,0,1,0.7182339636472508
39,0,83.11,3.526,214.7934111,8.177,2011,9,37,0,0,0.16094356720203915
38,0,72.12,4.134,128.9553,13.736,2011,4,16,0,0,0.43378304076084584
32,0,45.71,3.828,192.831317,8.595,2011,5,20,1,0,0.24061178783300494
19,0,39.07,2.963,131.863129,8.35,2010,3,12,1,0,0.16191670357069904
11,0,84.5,2.653,214.6660741,7.343,2010,6,25,0,1,0.522977816570222
9,0,90.45,3.575,218.9607242,6.404,2011,7,28,0,0,0.39141577235323105
44,0,42.15,2.842,126.6034839,7.972,2010,4,13,0,0,0.36078316176004127
38,0,64.55,3.05,126.4713333,14.099,2010,4,16,0,0,0.38852217162774144
8,0,78.46,3.256,225.4831143,5.401,2012,7,28,0,1,0.5838804369585417
22,0,72.99,3.698,142.1916279,7.753,2012,8,31,1,1,0.7443512015349915
9,0,84.01,2.619,215.1199536,6.442,2010,8,34,0,0,0.4917645321577367
35,0,67.08,2.713,136.6317821,8.861,2010,9,38,0,0,0.14102419573012392
5,0,83.61,3.648,215.6064555,6.489,2011,6,23,0,1,0.7583508758587664
29,0,49.89,4.025,137.868,9.14,2012,4,15,1,1,0.5191497963334512
35,0,78.14,3.842,139.9896486,8.684,2011,8,31,0,1,0.6204452043765419
37,0,82.1,2.582,210.2924504,8.36,2010,9,37,0,0,0.1328883189220399
7,0,64.21,3.613,197.8788621,7.872,2012,7,28,1,1,0.5531718429751102
6,0,61.33,3.297,219.5631135,6.551,2011,11,45,1,1,0.6981561094614014
16,0,38.02,3.486,197.0457208,6.162,2012,3,11,1,1,0.5550493590159151
3,0,69.03,3.353,220.9144005,7.197,2011,10,42,0,0,0.2781178415891076
1,0,80.48,2.642,211.108414,7.787,2010,7,27,1,1,0.596573378809798
44,0,42.49,3.487,128.7199355,6.906,2011,4,13,0,0,0.4805122454383577
36,0,62.21,3.55,219.3244636,7.244,2012,2,8,0,0,0.47923621620221835
13,0,40.85,3.062,127.99525,7.47,2011,2,7,1,1,0.7196341902538508
27,0,53.55,3.042,135.9170833,8.058,2010,4,17,1,0,0.1707041236548934
34,0,72.26,2.65,126.1069032,9.816,2010,7,30,0,0,0.18369897570494706
45,0,75.71,3.807,191.2284919,8.684,2012,8,33,0,1,0.5870658518348195
17,0,31.64,2.817,126.7934,6.885,2010,12,49,1,1,0.9138598986266272
29,0,43.38,3.634,133.8492258,10.256,2011,3,11,0,0,0.3584044765897549
16,0,70.49,3.646,197.8322195,6.061,2012,7,27,1,1,0.76960723560115
31,0,79.49,3.561,221.3828029,6.891,2012,5,21,1,1,0.7603382041828443
6,1,40.57,2.548,212.7700425,7.259,2010,2,6,1,1,0.7125060791221441
25,0,72.98,3.647,214.7382432,7.28,2012,7,30,0,0,0.29885393437269475
30,0,69.03,3.891,221.1484028,6.891,2012,4,15,0,1,0.5510967876835342
18,0,37.09,3.065,132.7566667,9.331,2010,12,48,1,1,0.7389655771002804
21,0,85.72,3.594,214.7441108,7.931,2011,6,25,1,0,0.48524614736922417
15,0,65.07,2.885,132.6932258,8.099,2010,8,34,1,0,0.48985980890365177
3,0,69.45,3.906,219.1959827,7.574,2011,5,18,1,1,0.6195096404375905
23,0,32.68,2.753,131.686,5.892,2010,2,8,0,0,0.22368150516782864
25,0,67.15,2.755,204.7900305,7.527,2010,8,34,1,0,0.49170447390457395
12,0,48.76,3.824,129.8167097,12.89,2011,11,45,1,1,0.5996039383882529
38,0,67.41,3.727,129.7936774,12.89,2011,10,43,0,0,0.2729683373773827
17,0,74.2,3.537,130.7195806,5.936,2012,7,30,1,0,0.4947508880255825
25,0,46.28,3.569,210.6918901,7.082,2011,10,43,1,0,0.2656743052611956
34,0,39.81,3.29,130.3144516,9.653,2012,1,4,0,0,0.0543161227558441
28,0,77.99,4.193,131.1266667,11.627,2012,4,17,0,0,0.37129370408075835
8,0,56.63,3.734,224.7657327,5.825,2012,3,11,1,1,0.563180295897689
22,0,62.59,4.034,138.6782834,8.252,2011,5,21,1,1,0.5388315044581566
25,0,63.67,2.966,203.6101784,7.856,2010,5,18,1,1,0.7459107517424236
29,0,39.11,3.445,136.5335161,9.357,2011,12,50,1,1,0.9418008163886377
3,0,84.66,3.393,225.2644795,6.664,2012,6,24,1,1,0.8393931854385682
3,0,83.63,3.526,219.3972867,7.567,2011,9,37,0,0,0.14644317324841227
41,0,72.19,3.554,193.9110133,6.901,2011,8,31,1,1,0.6698630585035669
21,0,75.04,3.899,215.6124735,7.931,2011,5,19,1,0,0.33155494431414334
10,0,76.03,4.468,131.1083333,6.943,2012,10,41,0,0,0.3787472922327022
13,0,68.28,3.623,129.6060667,6.877,2011,9,39,0,0,0.08144216662096163
5,0,69.17,3.594,224.0192873,5.422,2012,10,42,1,0,0.42484782827258044
12,0,65.95,4.301,131.1930968,10.199,2012,10,43,0,1,0.5705278432906995
15,0,55.09,3.055,132.8708387,8.067,2010,10,43,0,0,0.29878071063251493
16,0,12.39,2.882,191.3683815,6.614,2011,1,1,1,0,0.17914093334657474
24,0,68.0,3.858,136.4195,8.358,2011,9,39,0,0,0.09629310055693999
42,0,91.61,3.798,129.3259355,8.257,2011,9,35,0,1,0.5537092166132217
16,0,52.4,2.674,189.4185259,6.842,2010,6,24,1,1,0.6351333152401659
45,0,51.78,3.569,187.8774913,8.523,2011,10,43,1,0,0.26298902483546954
43,0,78.59,2.759,202.8716382,9.593,2010,5,21,0,1,0.6926247556584347
31,0,75.04,3.899,215.6124735,7.931,2011,5,19,1,0,0.3238499226192984
15,0,70.63,3.995,136.144129,7.806,2011,8,32,0,1,0.5093938829777639
39,0,67.77,3.065,212.2912786,8.395,2011,2,8,0,0,0.42116358046063107
42,0,56.85,3.543,130.3496774,7.545,2012,2,5,1,1,0.7583508131956364
26,0,63.32,3.898,135.9639355,7.767,2011,7,30,1,0,0.18489099058179964
26,0,62.08,3.874,138.2814516,7.405,2012,8,34,1,1,0.6114863380543808
42,0,54.12,3.781,130.4546207,7.545,2012,2,7,1,1,0.7953477116901905
12,0,66.73,4.222,131.1173333,11.627,2012,4,16,1,1,0.7123682318180047
40,0,35.4,3.586,136.475129,4.42,2011,11,44,1,1,0.6786118020368456
2,0,78.14,3.355,216.3620333,7.852,2011,9,39,0,0,0.07616036656962986
9,0,82.39,3.256,225.6771463,5.277,2012,7,28,0,1,0.580620669457133
31,0,39.05,2.572,210.7526053,8.324,2010,2,5,1,0,0.4399071164721493
22,0,51.14,2.885,135.82725,8.348,2010,4,15,1,0,0.40683876748417724
24,1,68.32,3.93,136.2745806,8.358,2011,9,36,1,1,0.5128785933831705
43,0,82.76,2.705,203.1222028,9.593,2010,6,22,1,1,0.8483205016888232
42,0,80.88,4.132,131.0756667,6.943,2012,10,40,1,1,0.6703531739274622
45,1,30.3,3.239,183.7016129,8.549,2011,2,6,1,1,0.8029914969931912
16,0,37.75,2.766,189.575127,6.842,2010,4,17,0,0,0.12121656650352368
37,0,73.95,3.891,220.1204125,6.989,2012,4,14,1,1,0.8098785848965304
1,0,62.9,3.065,213.535609,7.742,2011,2,8,0,0,0.4043434849955408
2,0,62.01,3.308,217.8670218,7.441,2011,11,46,1,0,0.43189845349191175
9,0,68.04,3.877,225.3117488,5.539,2012,4,16,1,1,0.6486545709398943
22,0,58.81,4.046,141.9015262,7.671,2012,4,16,1,1,0.6560426125653114
3,0,83.52,2.637,214.7858259,7.343,2010,6,24,0,1,0.7275083359844124
16,0,38.7,3.664,197.2295234,6.162,2012,3,12,0,0,0.27228680831134505
16,0,66.84,3.547,193.711525,6.338,2011,7,30,1,0,0.20824004812308156
19,0,69.92,3.667,138.1962667,8.15,2012,6,26,0,1,0.6328475913294821
39,0,77.49,2.854,209.118536,8.464,2010,5,19,0,0,0.38919168499931944
21,0,62.96,3.787,220.9244858,7.057,2012,3,12,0,0,0.2997495259861499
17,0,23.11,2.666,126.4420645,6.548,2010,2,5,0,1,0.6478999001121604
30,0,81.67,2.642,210.7657317,8.099,2010,7,27,0,1,0.5553080241895515
24,0,65.56,3.937,136.3145,8.358,2011,9,37,0,0,0.1661567684356315
1,0,53.56,3.459,214.1110564,7.742,2011,3,10,1,0,0.39417080860745624
31,0,65.46,3.372,217.3251824,7.441,2011,10,43,0,0,0.2701336946943391
10,0,80.06,4.277,130.9592258,7.382,2012,6,22,0,1,0.8513383478982646
16,0,26.21,3.129,196.9499007,6.162,2012,2,8,0,0,0.40623962322719426
14,0,78.65,3.722,191.1626135,8.684,2012,8,32,0,1,0.6100134571850632
23,0,71.51,3.698,138.1735806,4.156,2012,8,31,1,1,0.798543128195475
36,0,64.54,3.619,219.5340975,7.244,2012,3,9,0,1,0.7351025865900995
38,1,51.3,3.381,127.859129,14.021,2011,2,6,0,1,0.7638256442888582
31,0,45.31,2.561,210.9759573,8.324,2010,2,8,0,0,0.2028603631417138
39,0,84.33,3.48,214.0245556,8.177,2011,7,27,0,1,0.6114638776022447
32,0,55.13,3.795,192.8365651,8.595,2011,5,21,1,1,0.5074698519216729
31,0,44.24,2.976,211.0648881,8.028,2011,1,1,0,0,0.20823938980610368
24,0,60.44,3.096,132.2230323,8.211,2010,5,20,0,0,0.43681780866818054
12,0,91.17,3.794,129.1507742,13.503,2011,7,29,0,0,0.323811984458298
23,0,64.63,3.874,138.2814516,4.156,2012,8,34,1,1,0.6274103697250364
15,0,38.53,3.627,136.5030667,7.866,2011,12,49,1,1,0.9141875716965927
10,1,55.33,3.162,126.6692667,9.003,2010,11,47,1,1,0.862580835602057
24,0,36.73,2.919,131.735,8.326,2010,3,9,1,1,0.5857879351726957
38,0,67.84,3.058,126.1602258,14.099,2010,5,21,0,0,0.4213204469489104
20,0,39.98,3.816,213.6718127,6.961,2012,3,9,1,1,0.6525258003504127
6,0,70.35,3.622,216.6244334,6.855,2011,4,14,1,1,0.6966844580875101
4,0,56.87,2.805,126.4713333,7.896,2010,4,16,0,0,0.30679351087637247
31,0,76.86,3.786,215.1544822,7.931,2011,5,21,0,1,0.5303456040267001
42,0,49.98,3.312,127.3009355,8.744,2011,1,2,1,0,0.09495136527795524
37,0,79.17,2.624,210.3664469,8.36,2010,9,38,0,0,0.10824912219247972
14,0,75.93,2.847,182.2389876,8.899,2010,6,22,1,1,0.8131417885645921
13,0,16.94,2.891,127.1917742,7.47,2011,1,1,0,0,0.1453055752164476
39,0,76.47,3.81,214.3580974,8.3,2011,4,17,0,0,0.1770283388437602
23,0,63.8,3.851,135.2652667,4.781,2011,6,25,1,0,0.4950891841822793
18,0,58.24,4.018,138.7395,8.535,2012,9,39,0,0,0.0867028682699313
41,0,50.22,3.87,197.5481609,6.547,2012,5,19,1,0,0.46697611907415965
6,0,90.22,3.682,217.0241507,6.925,2011,7,30,0,0,0.18236108957371003
9,0,31.82,2.989,216.1162864,6.416,2011,2,5,1,0,0.4957050077671696
22,0,61.71,3.746,142.1158099,7.671,2012,6,23,1,1,0.8278568024159759
26,0,36.13,2.919,132.8170968,8.149,2010,10,42,0,0,0.1971968350183356
1,0,77.72,3.786,215.5037878,7.682,2011,5,21,0,1,0.5709499950684211
26,0,45.19,4.029,138.9117,7.138,2012,10,41,1,0,0.31985188127171194
40,0,52.06,3.947,138.0882667,4.125,2012,5,19,1,1,0.5231823178049648
9,0,69.92,3.721,226.5599138,5.277,2012,9,38,0,0,0.18944107366658247
30,0,48.63,2.869,211.0645458,8.163,2010,12,50,1,1,0.8860350966049535
28,0,50.58,3.702,130.3496774,12.187,2012,2,5,1,1,0.7436324642045217
11,0,79.97,3.81,219.0236099,7.574,2011,4,17,1,0,0.18447044147207867
14,1,37.79,3.389,189.0620155,8.523,2011,12,52,0,0,0.31377867664512515
15,0,42.65,4.098,137.7261935,7.943,2012,3,13,0,0,0.3019832291975668
37,0,84.62,2.619,210.3292106,8.36,2010,8,34,0,0,0.41423418696391145
20,0,78.27,3.523,214.728027,7.28,2012,7,28,1,1,0.548619329893359
13,0,48.33,2.941,126.3805667,8.107,2010,4,17,0,0,0.09086937690796085
38,0,81.61,3.966,131.0756667,10.199,2012,10,40,1,1,0.8403091003789104
7,0,11.32,2.911,191.4784939,8.818,2011,1,2,0,0,0.09117721469503265
9,1,34.13,3.022,216.496729,6.416,2011,2,6,1,1,0.7427313736012853
41,0,26.1,3.101,191.9647167,7.241,2011,2,8,0,0,0.26381490479468356
42,0,85.19,4.308,131.0983226,7.382,2012,5,20,1,1,0.5253564209046951
44,0,68.22,2.872,126.1900333,7.804,2010,9,38,0,0,0.11242880902596196
43,0,47.49,3.172,210.3126071,10.148,2011,12,48,0,1,0.8036555031610608
44,0,76.68,3.578,129.2405806,6.56,2011,8,33,0,1,0.5725842947724582
36,1,67.73,2.725,210.5152765,8.476,2010,11,47,1,1,0.9144561567712817
10,0,80.11,4.088,131.1266667,7.382,2012,4,17,0,0,0.35988268587743877
15,0,59.57,4.151,138.8256,7.992,2012,10,40,0,1,0.5750942040203103
31,0,87.57,3.524,214.8368678,7.852,2011,7,26,0,1,0.5856295573819212
45,0,77.84,2.783,182.2604411,8.743,2010,7,28,0,0,0.42754570933479413
5,0,83.72,2.653,211.8960815,6.465,2010,6,25,0,1,0.5191311431454159
36,0,73.7,3.713,220.4252149,6.989,2012,5,20,0,1,0.5105553535240769
24,0,69.94,3.906,136.2136129,8.358,2011,8,34,1,1,0.5045252006813378
32,0,26.23,3.266,195.9841685,8.513,2011,12,50,1,1,0.9062683885648445
25,0,50.64,3.862,214.0167132,6.961,2012,3,11,0,1,0.6004838501923082
18,0,73.25,3.84,138.1857097,8.535,2012,8,33,0,1,0.6120329734751303
34,0,38.64,3.354,130.3496774,9.653,2012,2,5,0,1,0.6915567751085845
45,0,30.59,3.141,182.54459,8.724,2010,12,51,1,1,0.8936313710590015
5,0,72.02,3.743,215.8592673,6.489,2011,4,15,0,0,0.42808689940588673
35,0,73.26,3.881,138.8606382,8.512,2011,6,23,1,1,0.778110104141573
41,0,27.89,3.129,196.9499007,6.589,2012,2,8,0,0,0.42145541047863727
32,0,46.7,3.414,192.1964844,8.818,2011,3,12,0,0,0.19634512106874977
39,0,82.13,2.577,210.2966631,8.36,2010,9,35,0,1,0.5409661799286885
43,0,66.77,3.906,207.5714929,10.581,2011,5,18,1,1,0.6129259164335916
29,0,72.88,2.815,132.5218667,10.409,2010,7,26,1,1,0.55851243583833
4,0,72.63,3.82,130.9670968,4.607,2012,3,13,1,1,0.5764047660553218
36,0,87.64,3.608,214.3602701,8.177,2011,8,32,1,0,0.44448114498055147
26,0,50.81,4.046,137.9230667,7.489,2012,4,16,0,1,0.6654335602614476
16,0,56.48,3.765,198.358523,6.061,2012,9,38,1,0,0.1865537053150721
29,0,49.31,3.604,136.4884516,9.357,2011,10,43,0,0,0.2667992638557199
39,0,50.25,3.016,210.6031072,8.395,2011,1,3,0,0,0.07826042335555965
42,0,73.88,3.145,126.2085484,9.524,2010,5,19,1,0,0.23344162438932642
22,0,67.13,2.805,136.3243393,8.348,2010,6,24,1,1,0.7043756286254745
30,1,62.96,2.735,211.4062867,8.163,2010,11,47,1,1,0.903014324808326
30,0,42.72,3.016,211.4864691,8.028,2011,1,3,1,0,0.056202125326754095
42,1,49.67,3.148,127.0876774,9.003,2010,12,52,0,0,0.17767132928769402
31,0,89.16,3.48,214.9296249,7.852,2011,7,27,1,1,0.6308726477939548
11,0,82.46,3.256,225.4340074,6.334,2012,7,28,0,1,0.5612971305721026
44,1,28.22,2.83,126.6692667,7.61,2010,11,47,1,1,0.8275816082975243
23,0,70.2,2.784,132.5825806,5.326,2010,7,29,0,0,0.3221139381887069
13,0,81.99,3.512,130.737871,5.765,2012,8,31,1,1,0.8486670714423663
22,0,26.8,3.232,136.8870657,8.458,2011,1,3,0,0,0.05545065799664948
41,0,48.48,3.854,197.5971285,6.547,2012,4,14,1,1,0.7869035876691031
28,0,50.74,3.342,127.5800323,14.021,2011,1,4,0,0,0.025896194776692222
39,0,64.8,2.633,210.5144398,8.476,2010,10,40,0,0,0.3991465141656363
12,0,76.67,4.087,129.0623548,13.736,2011,5,21,0,1,0.5147007382073558
33,0,49.26,3.348,127.7195806,8.951,2011,2,5,0,1,0.5332525734676062
1,0,67.84,3.622,215.0743939,7.682,2011,4,14,1,1,0.6937131232920238
32,0,71.57,3.613,197.8788621,7.872,2012,7,28,0,1,0.5291571229465406
1,0,80.94,2.624,211.5972246,7.787,2010,9,38,0,0,0.1505914007224065
23,0,52.9,3.947,138.0882667,4.125,2012,5,19,0,1,0.5361546613138641
43,0,68.78,2.72,203.7299032,10.21,2010,10,41,1,0,0.23523845423663092
22,0,56.72,3.947,142.0759262,7.671,2012,5,19,1,0,0.4836625888472864
45,0,46.66,3.631,184.809719,8.549,2011,3,11,0,0,0.441748558744336
14,0,62.28,4.062,185.9661154,8.521,2011,5,20,0,0,0.32878343275097865
37,0,45.97,2.572,209.8529663,8.554,2010,2,5,1,0,0.4602655646925571
35,0,64.92,3.997,142.76575,8.839,2012,9,39,0,0,0.08124470390914011
15,0,51.67,3.757,136.5017742,7.866,2011,10,42,0,0,0.28855899271803714
39,0,82.75,3.648,213.7917147,8.3,2011,6,23,1,1,0.7474489797662872
37,1,66.41,3.236,217.1812533,7.716,2011,11,47,1,1,0.9319828235544922
45,0,50.56,3.862,190.4618964,8.424,2012,3,11,1,1,0.5514251057734095
3,0,60.12,3.555,224.1320199,6.833,2012,2,8,1,0,0.4469414520263277
3,0,57.06,2.732,214.3241011,7.368,2010,3,12,0,0,0.1740035256614271
12,0,54.4,3.909,128.6160645,14.021,2011,3,12,0,0,0.12110426517435598
40,0,66.16,3.973,134.8551613,4.781,2011,6,22,1,1,0.7910018391233611
29,0,44.34,2.938,132.9245806,10.524,2010,11,44,1,1,0.5748022589499255
27,0,46.65,3.796,137.7398929,7.827,2011,3,11,0,0,0.44681599991833343
19,0,22.8,3.391,133.0285161,7.771,2011,1,3,0,0,0.06457860790006392
34,0,63.99,2.82,126.1843871,9.593,2010,5,20,0,0,0.38695114674054126
44,0,64.8,3.821,131.043,5.407,2012,9,39,1,0,0.17480221909493476
13,0,68.55,3.749,130.9776667,5.765,2012,9,37,0,0,0.29885457254263115
42,0,88.37,3.049,126.064,9.199,2010,8,32,1,0,0.36549327016152194
40,0,64.42,3.577,138.1962667,4.125,2012,6,26,1,1,0.6932906879938777
43,0,70.3,3.353,209.2222327,10.148,2011,10,42,0,0,0.3040806707064924
44,0,72.89,3.737,130.7929,5.621,2012,6,25,1,1,0.739317915680598
14,0,78.47,3.76,186.1399808,8.625,2011,7,28,0,0,0.3881769019018834
39,0,72.36,3.63,220.4252149,6.989,2012,5,20,1,1,0.549787364377952
18,0,59.68,4.027,138.8256,8.243,2012,10,40,1,1,0.601670896726053
15,0,69.99,3.006,132.3648387,8.185,2010,6,22,1,1,0.8217326854877741
17,0,43.92,3.793,131.0375484,6.235,2012,4,14,1,1,0.8357964163751539
32,0,36.62,2.728,190.9741069,9.137,2010,12,49,1,1,0.862455043602241
8,0,36.46,3.261,223.4242571,5.825,2012,1,2,0,0,0.16690175251712058
27,0,76.87,3.886,139.5442083,7.85,2011,7,27,1,1,0.6635901656522479
30,0,72.42,3.63,221.380331,6.891,2012,5,20,1,0,0.49628432208458656
33,0,85.79,3.784,129.4306,8.442,2011,9,37,1,0,0.15453482109493397
22,0,48.56,2.831,135.7073618,8.283,2010,3,12,1,0,0.20868695054783057
37,0,62.73,3.29,218.7687195,7.244,2012,1,4,0,0,0.08159689931091747
3,0,69.36,3.845,224.8651254,6.833,2012,3,13,1,0,0.37513881705349117
28,0,48.45,3.53,128.13,14.021,2011,2,8,1,0,0.19555806098238843
23,0,63.25,2.77,132.6932258,5.326,2010,8,34,1,0,0.45143423769142293
41,0,71.61,3.485,194.3796374,6.901,2011,8,34,1,1,0.5496190392928674
9,0,70.49,3.907,219.3622809,6.38,2011,5,20,0,0,0.2933600303219766
21,0,48.61,2.625,211.0067542,8.324,2010,3,9,1,0,0.45178987559647493
8,0,56.86,3.372,221.1278032,6.123,2011,10,43,0,0,0.2595626273635552
18,0,21.33,2.788,131.5279032,9.202,2010,2,5,1,0,0.44488341656996777
21,1,45.16,3.129,219.1773063,7.441,2011,12,52,1,0,0.30677232632556356
44,0,32.71,3.047,130.2792258,5.774,2012,1,3,1,0,0.17886741164162337
8,0,56.1,2.795,213.768119,6.29,2010,4,16,0,0,0.4865184507569129
36,0,81.85,2.606,209.984205,8.36,2010,7,26,1,1,0.5328609500731977
2,0,57.77,3.288,213.4775305,8.028,2011,3,9,1,1,0.5702141197788053
43,0,87.51,3.346,213.2123786,9.575,2012,6,25,0,1,0.7206360296211287
43,0,47.31,2.572,203.0642742,9.521,2010,2,5,1,1,0.6593269052777955
27,1,30.45,3.416,137.1378318,7.827,2011,2,6,0,1,0.8053261478229774
45,0,67.21,3.798,191.0028096,8.567,2012,5,21,1,1,0.7121405239629425
5,0,57.69,3.669,221.6460048,5.943,2012,3,10,1,1,0.5423253235303366
6,0,67.91,3.845,222.9675066,6.132,2012,3,13,0,0,0.3833949159588881
7,0,43.01,3.75,199.1481963,7.557,2012,10,42,0,0,0.4073953560427587
31,0,67.51,2.716,211.5661131,8.163,2010,10,43,0,0,0.22556676557318242
36,0,42.87,2.971,210.2379731,8.395,2011,1,2,1,0,0.09238787887293426
24,0,73.26,3.819,138.1735806,8.953,2012,8,31,1,1,0.7079898576258677
21,0,81.51,3.393,221.4009901,6.891,2012,6,24,0,1,0.8404495457192822
23,0,56.79,3.583,136.5150968,4.42,2011,10,41,0,0,0.3172700283917807
17,0,42.54,2.831,126.4912903,6.885,2010,11,44,0,1,0.7478470153522692
32,0,70.2,2.773,190.3621607,9.017,2010,9,35,0,1,0.5171738055229508
44,0,77.62,3.574,129.1677097,6.56,2011,7,30,0,0,0.258063689266477
23,0,49.0,3.633,136.472,4.42,2011,10,40,1,0,0.49977176366547066
40,0,58.28,3.809,136.3145,4.584,2011,9,37,0,0,0.1490813232266945
15,0,29.87,2.91,131.686,8.35,2010,2,8,0,0,0.24256400864041527
8,0,50.64,3.045,216.6310383,6.262,2011,2,7,1,1,0.7799498543183858
33,0,91.49,3.589,130.7012903,7.147,2012,7,29,0,1,0.5639450652183631
16,0,21.13,2.55,189.5340998,7.039,2010,2,7,0,1,0.5968045100828382
23,0,28.49,3.523,136.753,4.261,2012,1,2,0,0,0.19970814599527048
37,0,62.72,2.689,210.7202444,8.476,2010,11,44,1,1,0.6036079770084595
10,0,86.13,3.123,126.0854516,9.199,2010,8,31,1,1,0.5126929556835007
14,0,42.86,3.739,190.0069881,8.424,2012,2,8,0,0,0.3859154672296112
29,0,77.79,3.882,135.8738387,9.863,2011,7,29,0,0,0.3078757078577557
43,0,84.67,3.575,207.1940691,10.641,2011,7,28,0,0,0.3228447876374223
2,0,51.7,3.268,219.6258417,7.057,2012,1,3,0,0,0.1419794584391692
45,0,69.17,3.742,186.8024,8.625,2011,9,37,0,0,0.1594253555502139
14,0,66.18,3.962,185.8029526,8.521,2011,4,17,0,0,0.20332773565358464
11,0,62.61,3.63,224.3470245,6.833,2012,3,9,1,1,0.7128181221556474
1,0,80.49,3.638,222.3054805,6.908,2012,8,35,1,1,0.7242448500575117
3,0,82.04,2.64,214.695346,7.346,2010,7,30,0,0,0.1767060107528916
43,0,87.75,3.393,213.1786952,9.575,2012,6,24,0,1,0.865189288895151
33,0,62.2,3.963,130.7413793,7.603,2012,3,10,1,1,0.5817229337556389
32,0,74.85,3.735,197.7389345,8.09,2012,6,25,1,1,0.6681643821945794
19,0,66.66,3.997,138.2814516,8.193,2012,8,34,1,1,0.5217529667186627
13,0,24.76,3.186,129.9845484,6.392,2011,12,51,1,1,0.9243412680779548
16,1,20.87,2.572,189.4642725,7.039,2010,2,6,0,1,0.7214066348544133
10,0,55.92,2.877,126.5782857,9.765,2010,3,9,1,0,0.42010031541845055
41,0,45.62,3.548,195.1789994,6.759,2011,10,42,0,0,0.2572395948106345
15,0,43.52,4.187,137.868,8.15,2012,4,15,0,0,0.42764241245539875
41,0,44.04,3.664,197.2295234,6.589,2012,3,12,0,0,0.31011897085611734
10,0,58.83,3.047,126.6072,9.003,2010,11,46,1,0,0.28811076511969014
28,0,90.37,3.1,126.1518,14.18,2010,7,27,1,1,0.530309068664447
4,0,82.77,3.55,129.2405806,5.644,2011,8,33,1,1,0.5481115093896044
22,0,36.04,3.638,137.9558929,8.252,2011,4,13,0,0,0.3960576446133153
38,0,53.13,3.95,130.5502069,12.187,2012,2,8,1,0,0.4276451463086516
22,0,49.89,4.025,141.8433929,7.671,2012,4,15,0,1,0.5066549675599811
1,0,66.32,2.808,210.4887,7.808,2010,4,15,0,0,0.4157998625338879
24,0,72.52,3.995,136.144129,8.358,2011,8,32,1,1,0.515160795253918
17,0,48.19,2.908,126.1602258,6.635,2010,5,21,0,1,0.6271343272568018
45,0,31.27,2.745,182.0347816,8.992,2010,2,7,1,1,0.6311244946686055
17,0,45.22,2.915,126.5621,6.635,2010,4,15,0,1,0.5118502365107741
34,0,33.99,3.263,130.244,9.653,2012,1,2,0,0,0.15536983355189213
27,0,56.91,3.775,140.43475,7.906,2011,10,40,0,0,0.46966167421771626
23,0,61.06,3.873,135.0837333,4.781,2011,6,24,1,1,0.6919421518005887
17,0,26.26,3.077,130.3496774,6.403,2012,2,5,0,1,0.7994075383181612
44,0,23.35,2.974,127.7195806,7.224,2011,2,5,0,1,0.5370063205212422
37,0,73.7,3.63,220.4252149,6.989,2012,5,20,1,0,0.4955934746228521
25,0,71.81,2.779,204.8217044,7.527,2010,8,33,1,1,0.5234876923236883
27,1,29.81,2.94,135.4113076,8.237,2010,2,6,1,1,0.7469340243752245
17,0,47.35,2.845,126.3266774,6.885,2010,10,41,0,0,0.2677118206038316
43,0,59.15,3.045,205.1683214,10.398,2011,2,7,0,1,0.7831584873698714
39,0,68.15,2.77,209.400638,8.464,2010,4,14,0,1,0.6845879057836037
43,0,51.26,3.297,209.6632811,10.148,2011,11,45,0,1,0.6296297712156963
12,1,51.3,3.381,127.859129,14.021,2011,2,6,1,1,0.784579197808498
5,0,86.96,3.494,222.5472987,5.603,2012,8,32,0,1,0.6694463156389138
21,0,65.16,3.353,217.1650042,7.441,2011,10,42,0,0,0.2733772800415013
4,0,78.08,2.698,126.064,7.372,2010,8,32,0,0,0.36245067195334946
26,0,65.4,2.784,132.5825806,8.445,2010,7,29,0,0,0.30305157081560685
35,0,32.44,2.745,135.4657781,9.262,2010,2,7,1,1,0.6011329055419696
4,0,73.65,3.771,129.0623548,5.946,2011,5,21,0,1,0.603780048957673
8,0,38.16,3.112,222.8743862,6.123,2011,12,51,1,1,0.9283120797824476
17,0,15.64,2.667,126.5522857,6.548,2010,2,8,0,0,0.2736365964174264
40,0,69.41,3.84,138.1857097,4.156,2012,8,33,1,1,0.6598667116007987
25,0,70.69,3.922,208.3551116,7.287,2011,6,22,1,1,0.8058420254142244
43,0,48.77,2.561,203.2798724,9.521,2010,2,8,0,0,0.3486484627969693
20,0,70.51,2.755,204.7900305,7.527,2010,8,34,0,0,0.49335472984404444
24,0,71.99,3.006,132.3648387,8.211,2010,6,22,1,1,0.8543994262035837
19,0,48.29,4.186,138.9117,7.992,2012,10,41,0,0,0.2285504676647744
19,0,48.45,3.049,132.8170968,8.067,2010,10,42,0,0,0.23793869224787254
7,0,35.86,2.762,190.8623087,9.137,2010,10,41,0,0,0.14902540076230958
20,0,56.26,3.969,216.1464699,7.293,2012,10,42,0,0,0.32413689211921276
33,1,56.87,3.162,126.6692667,9.265,2010,11,47,0,1,0.8452389432952987
36,0,63.19,3.647,219.7437314,7.244,2012,3,10,0,1,0.5960726318445895
29,0,69.49,2.857,132.3648387,10.16,2010,6,22,1,1,0.7790219646532296
35,1,37.85,3.389,140.5874505,8.745,2011,12,52,1,0,0.3017775720398907
15,1,31.44,3.566,136.6432581,7.866,2011,12,52,1,0,0.32035699132924494
33,0,96.44,3.793,129.1125,8.442,2011,7,27,1,1,0.6639124410607347
12,0,53.77,2.987,126.5782857,13.975,2010,3,9,1,0,0.4749218438551735
15,0,49.12,4.186,138.9117,7.992,2012,10,41,0,0,0.24705165738435825
9,0,46.1,2.843,214.9981378,6.56,2010,12,49,1,1,0.8516762240951737
11,0,51.04,3.01,215.5065821,7.551,2011,1,4,0,0,0.03746899797940227
30,0,81.78,3.346,221.4411622,6.891,2012,6,25,0,1,0.6648936141113151
6,1,62.78,3.236,220.0417412,6.551,2011,11,47,1,1,0.9341853869710873
13,0,82.0,3.681,130.7562667,5.965,2012,6,26,1,1,0.7609771366556122
15,0,30.87,3.737,136.9598387,7.943,2012,1,4,0,0,0.04809164142142128
31,0,84.25,3.311,221.5701123,6.565,2012,7,29,1,1,0.5125451334156984
20,0,66.41,3.842,208.1265604,7.287,2011,6,24,1,1,0.6882296115111298
33,0,59.46,3.336,127.4404839,8.951,2011,1,3,0,0,0.077898730547063
2,0,74.83,2.826,210.2768443,8.2,2010,5,20,1,0,0.33331198564245923
17,0,27.26,3.047,130.2792258,6.403,2012,1,3,0,0,0.1799678969964443
31,1,56.43,3.236,218.1130269,7.441,2011,11,47,1,1,0.9207398060198716
24,0,47.28,4.098,137.7261935,8.659,2012,3,13,0,0,0.31188432666496924
25,0,59.21,3.889,214.5319099,7.139,2012,5,19,1,1,0.5112447744431244
42,0,77.49,3.784,129.4306,8.257,2011,9,37,1,0,0.11740354846910594
34,0,78.47,2.654,126.1266,9.593,2010,6,25,0,1,0.5844475305582297
29,0,39.0,3.523,136.753,8.988,2012,1,2,0,0,0.22970540519382399
25,0,60.9,3.948,215.3583757,7.28,2012,9,37,0,0,0.1817371557081486
35,0,39.32,3.245,137.2511849,8.549,2011,2,7,1,1,0.7432437366487784
8,0,61.35,2.854,213.6655355,6.29,2010,5,19,0,0,0.3514547280455475
35,0,36.99,3.433,137.5017028,8.549,2011,3,9,1,1,0.5403816951708251
14,0,79.32,2.808,182.3806,8.899,2010,6,25,1,1,0.559487907887939
20,0,75.4,3.722,214.7484595,7.28,2012,8,32,1,1,0.618334789355396
24,0,31.92,3.737,136.9598387,8.659,2012,1,4,0,0,0.04491919637544759
41,0,64.13,2.773,190.3621607,7.335,2010,9,35,0,1,0.5220004124143641
22,0,46.03,2.834,135.6682247,8.283,2010,3,11,0,0,0.42646855985947507
16,0,70.67,2.691,189.774698,6.868,2010,7,29,1,0,0.32904615443694024
20,0,43.82,2.818,204.5250598,8.187,2010,3,10,0,0,0.368385299815184
16,0,68.59,3.528,198.0293893,6.061,2012,8,31,1,1,0.7636128570794629
24,0,36.88,3.789,133.9587419,8.252,2011,3,12,0,0,0.1864736690457276
19,0,56.49,4.071,138.7281613,7.992,2012,10,43,0,0,0.35228761173685447
30,0,34.14,2.983,211.1176713,8.028,2011,1,2,1,0,0.07360167808479147
3,1,81.72,3.546,219.2135305,7.567,2011,9,36,0,0,0.43369270785815744
38,0,82.45,3.028,126.1454667,14.18,2010,9,37,0,0,0.11046930866787286
2,0,90.45,3.523,215.386897,7.852,2011,8,34,0,1,0.5099638500011705
14,0,54.36,2.854,181.9718697,8.992,2010,3,12,1,0,0.2108242377745847
14,0,77.49,3.711,186.032016,8.625,2011,7,27,1,1,0.6445574908099692
19,0,25.12,3.255,132.6764,8.067,2010,12,49,1,1,0.8282879142120058
10,0,69.74,3.109,126.5621,9.524,2010,4,15,0,0,0.32212807964884027
7,0,64.64,2.691,189.774698,9.017,2010,7,29,1,0,0.30991438641333896
44,0,51.74,3.567,129.7706452,6.078,2011,10,41,0,0,0.27215836338614674
12,0,85.53,3.726,130.7012903,10.926,2012,7,29,0,1,0.6448945776274059
6,0,52.24,2.869,212.918049,7.007,2010,12,50,1,1,0.91025551491703
20,0,50.52,2.917,205.0627881,7.484,2010,10,42,0,0,0.23469110815042535
20,0,74.88,3.76,208.5309337,7.274,2011,7,28,0,0,0.39095805867349964
44,1,33.73,3.116,130.3849032,5.774,2012,2,6,1,1,0.9199874986916203
25,1,32.47,3.64,213.1186138,6.961,2012,2,6,0,1,0.8683325676481164
20,0,51.52,3.953,214.1647079,6.961,2012,3,13,1,0,0.361490861167046
22,1,28.49,3.177,136.665265,8.572,2010,12,52,0,0,0.18216683440609116
44,0,48.33,2.941,126.3805667,7.972,2010,4,17,0,0,0.1019752909839169
42,0,50.53,3.489,129.8980645,7.874,2011,12,50,1,1,0.9261294276555525
44,0,29.98,2.667,126.5522857,8.119,2010,2,8,0,0,0.16961590060792148
43,0,83.49,3.699,207.1039009,10.581,2011,6,22,0,1,0.7635193291247301
3,0,86.74,2.692,214.9730444,7.346,2010,8,32,0,0,0.4967960207738957
21,0,84.25,3.311,221.5701123,6.565,2012,7,29,0,1,0.5212784547709202
27,0,49.6,4.021,141.55478,8.009,2012,3,11,0,1,0.5220599700310627
36,0,82.15,3.407,220.4494148,6.989,2012,6,24,0,1,0.8396977498464806
11,0,54.44,3.157,223.1923049,6.833,2012,1,1,0,0,0.4025593459300699
22,0,43.38,3.634,137.7398929,8.458,2011,3,11,0,0,0.37816137782011733
6,0,91.46,3.684,217.0839894,6.925,2011,8,31,1,1,0.6128520920975998
29,0,30.46,3.139,132.6804516,10.524,2010,12,50,1,1,0.8570347230202954
15,0,59.69,2.84,132.7568,8.067,2010,10,39,0,0,0.10141366244428061
19,0,43.74,2.96,131.8242903,8.35,2010,3,11,0,0,0.4094098041236954
37,0,85.54,2.664,210.3617581,8.36,2010,8,33,0,0,0.4121914821550822
4,0,83.21,3.476,130.7561613,4.077,2012,8,32,1,1,0.7923559368780323
3,0,88.88,3.638,218.9605873,7.567,2011,8,32,0,0,0.4564216973351064
15,0,71.42,4.026,138.3771935,8.193,2012,8,35,1,1,0.7044752027448219
29,0,50.99,2.983,132.152129,10.16,2010,5,19,1,0,0.2906301150157397
14,0,72.62,2.78,182.4424199,8.899,2010,6,24,1,1,0.7240175427350525
23,0,45.88,3.991,138.0332,4.125,2012,5,18,0,1,0.7894691822077664
23,0,15.33,3.542,136.8564194,4.261,2012,1,3,0,0,0.08444126754956871
12,1,88.0,3.913,129.3686129,13.503,2011,9,36,0,0,0.4901644285082188
18,0,33.59,3.827,137.4238966,8.075,2012,3,9,0,1,0.6461222777569479
37,0,51.33,2.625,210.1092746,8.554,2010,3,9,1,0,0.42929190870083966
11,1,84.91,3.546,219.2135305,7.567,2011,9,36,0,0,0.463833866463982
45,0,71.93,3.62,191.0299731,8.567,2012,6,24,1,1,0.813468188947351
24,0,44.7,3.895,134.1777742,8.212,2011,4,14,0,1,0.6886073387227057
37,1,67.73,2.735,210.5152765,8.476,2010,11,47,1,1,0.9051067522512414
3,0,69.47,3.488,217.7235226,7.551,2011,3,11,0,0,0.46795814515672024
14,0,53.69,3.821,185.5339821,8.521,2011,4,15,0,0,0.40819250618104624
40,0,43.3,2.885,131.9809,5.435,2010,4,15,0,0,0.35817874728517873
32,0,76.0,3.545,193.5120367,8.622,2011,7,29,1,0,0.3338408849420643
15,0,41.39,2.938,131.784,8.35,2010,3,10,1,0,0.4314391166652466
29,0,66.56,3.683,138.1295333,9.14,2012,6,24,1,1,0.8173868421582907
32,0,72.95,2.69,190.0990028,9.017,2010,8,31,0,1,0.6056615701660576
41,0,41.11,3.414,192.1964844,7.241,2011,3,12,0,0,0.1951356076994822
13,0,75.69,3.556,130.7012903,5.765,2012,7,29,1,1,0.5483479753714776
38,0,87.01,3.159,126.064,14.18,2010,8,32,0,0,0.36945193179894126
4,0,49.0,3.087,128.13,6.51,2011,2,8,1,0,0.3075411465299106
21,0,81.78,3.346,221.4411622,6.891,2012,6,25,0,1,0.6828486982098664
32,0,44.83,3.461,192.2691707,8.595,2011,4,13,0,0,0.4877900225644811
21,1,88.4,3.73,222.0747635,6.565,2012,9,36,0,1,0.6998770807790408
35,1,30.45,3.239,137.1378318,8.549,2011,2,6,1,1,0.7949048210683387
26,0,51.62,2.83,132.4357419,8.512,2010,6,23,1,1,0.6951737502579084
14,0,49.73,3.996,190.6851712,8.567,2012,4,14,1,1,0.71150368458173
17,0,36.32,2.831,126.5461613,6.885,2010,11,45,0,1,0.6987670176091436
45,0,70.75,2.966,181.6468154,8.899,2010,5,18,1,1,0.7809091723670852
30,0,46.54,3.112,218.9995495,7.441,2011,12,51,1,1,0.9283698679686728
11,0,71.97,3.877,225.0689541,6.664,2012,4,16,0,1,0.6533585399699242
22,0,59.99,2.961,136.0796521,8.348,2010,5,20,0,0,0.35132101579897307
21,0,84.71,3.648,214.6964908,7.931,2011,6,23,1,1,0.75506089718881
40,0,62.57,2.77,132.6932258,5.326,2010,8,34,0,0,0.43987382234393735
37,0,62.21,3.555,219.3244636,7.244,2012,2,8,1,0,0.4516039889128864
20,0,68.27,3.834,214.9567044,7.28,2012,8,34,0,1,0.5428160398133108
30,0,63.39,3.734,220.8498468,7.057,2012,3,11,0,1,0.5589553375158959
12,0,89.85,3.842,129.0894,13.503,2011,7,26,0,1,0.6022738333909342
40,0,49.65,3.917,138.7281613,4.145,2012,10,43,0,0,0.397114190841585
28,0,82.45,3.028,126.1454667,14.18,2010,9,37,0,0,0.1062578196984128
28,1,44.64,3.428,130.0710323,12.89,2011,12,52,1,0,0.2857828733871449
30,0,86.18,2.637,211.1096543,8.2,2010,6,24,1,1,0.6987255457592022
4,1,73.34,3.554,129.3686129,5.644,2011,9,36,1,0,0.49805617029085647
2,1,47.3,2.943,211.064774,8.163,2010,12,52,0,0,0.21616021821389247
36,0,79.17,2.578,210.3664469,8.36,2010,9,38,1,0,0.12198220416686081
31,1,46.52,3.409,219.9049073,7.057,2012,2,6,1,1,0.8659608684658483
36,0,53.57,3.164,217.4229206,7.716,2011,12,48,0,1,0.8238697768961957
44,0,47.75,3.744,129.0444333,6.906,2011,5,18,1,1,0.6425940693870363
36,0,86.71,3.652,214.2972939,8.177,2011,8,31,1,1,0.5592867732801536
11,0,86.21,3.494,225.4735085,6.334,2012,8,32,1,1,0.6746696223990568
21,0,46.54,3.112,218.9995495,7.441,2011,12,51,1,1,0.9336172765993913
22,0,57.71,4.095,138.4959286,8.252,2011,5,19,1,0,0.3169854351625116
22,0,46.4,3.921,141.6990864,7.503,2012,3,13,0,0,0.3512880618597098
14,1,71.48,3.738,186.6737376,8.625,2011,9,36,1,0,0.47844297684420495
18,0,71.22,2.815,132.5218667,9.342,2010,7,26,1,1,0.5706612270555306
42,0,65.29,3.004,126.6019032,9.524,2010,4,14,1,1,0.523413638600409
32,0,81.95,3.693,197.785577,8.09,2012,6,26,1,1,0.7217763312305124
40,0,34.48,3.47,136.5030667,4.42,2011,12,49,1,1,0.9177955583627242
6,0,63.71,3.787,222.8930835,6.132,2012,3,12,0,0,0.2986222134248549
7,0,48.56,2.8,190.4688287,9.017,2010,9,37,0,0,0.10942484231319358
5,1,38.25,3.022,213.4944627,6.634,2011,2,6,1,1,0.7519914095984639
41,1,22.0,3.103,196.9195056,6.589,2012,2,6,0,1,0.8659706124106632
24,0,76.56,2.933,132.5667742,8.117,2010,7,28,1,1,0.5002151602360715
34,1,41.13,2.752,126.6692667,10.21,2010,11,47,1,1,0.8729046873664132
42,0,72.71,4.449,131.1499677,6.943,2012,10,42,0,0,0.3661901815039247
40,0,36.25,3.921,137.7261935,4.261,2012,3,13,0,0,0.3185280631780558
41,0,34.53,3.378,195.8223287,6.759,2011,12,48,1,1,0.8264514687331647
10,0,60.51,3.091,126.7934,9.003,2010,12,49,1,1,0.8788852964173679
27,0,33.05,3.452,137.3764439,7.827,2011,2,8,0,0,0.29345014731930386
8,0,59.74,3.473,218.0145862,6.262,2011,3,12,0,0,0.23544130342641786
32,0,64.05,3.659,198.1267184,7.872,2012,9,37,1,0,0.24258733523863876
39,0,84.92,2.627,210.2614925,8.36,2010,8,31,0,1,0.6098564673446754
7,0,24.24,2.728,190.9741069,9.137,2010,12,49,1,1,0.8540764133495984
28,0,94.61,3.74,129.2832581,13.503,2011,8,34,0,1,0.5041077397433313
45,1,37.79,3.389,189.0620155,8.523,2011,12,52,1,0,0.3295999818796045
17,0,61.48,3.641,129.4306,6.745,2011,9,37,1,0,0.20844829048698332
26,0,20.61,3.139,132.6804516,8.149,2010,12,50,1,1,0.8825910305454026
29,0,35.34,3.263,133.3701429,10.256,2011,2,7,1,1,0.6756977915645384
38,0,81.39,2.941,126.1360645,14.099,2010,6,22,0,1,0.7191082189588898
1,0,59.58,3.288,213.8233327,7.742,2011,3,9,1,1,0.6081826569550911
40,0,60.05,2.981,132.1062,5.435,2010,5,18,1,1,0.7281431472279511
21,0,54.81,3.555,220.275944,7.057,2012,2,8,1,0,0.43161134265402934
36,0,59.1,2.863,210.1805602,8.476,2010,12,51,1,1,0.9186528310419048
1,0,87.0,2.692,211.6394211,7.787,2010,8,32,0,1,0.504498931703632
31,0,42.72,3.016,211.4864691,8.028,2011,1,3,0,0,0.058733486790594466
2,0,63.68,3.734,220.8498468,7.057,2012,3,11,1,1,0.5858772439470856
32,0,49.2,2.729,190.9964377,9.137,2010,11,44,0,1,0.6506120765330458
30,0,74.14,3.688,221.3632212,6.891,2012,5,19,0,1,0.5322741094582135
16,0,14.44,3.331,195.8742575,6.232,2011,12,49,1,1,0.8444061211026692
23,0,57.82,3.889,137.6552903,4.261,2012,3,12,0,0,0.43050139140678556
2,0,44.69,2.976,211.0648881,8.028,2011,1,1,0,0,0.21976977454932722
29,0,57.73,2.938,132.8708387,10.524,2010,10,43,1,0,0.22565202077702615
9,0,69.99,2.725,215.4081762,6.56,2010,10,42,0,0,0.26412646619859204
42,0,61.24,3.13,126.5461613,9.003,2010,11,45,1,1,0.5285421690185234
16,0,70.29,3.613,197.8788621,6.061,2012,7,28,1,1,0.5412075946784863
14,0,71.36,2.755,182.6104063,8.743,2010,8,34,1,0,0.48119713144265897
24,0,32.86,3.585,136.698129,8.659,2012,1,1,0,0,0.3136705445181892
39,0,45.96,2.989,211.3333753,8.395,2011,2,5,0,1,0.5871923862975238
12,0,59.77,3.828,129.8051935,12.89,2011,11,44,1,1,0.6910244384598447
19,0,44.42,4.187,137.868,8.15,2012,4,15,0,0,0.4166568688929563
13,0,79.23,3.63,130.7196333,5.765,2012,7,27,1,1,0.8323712885380056
36,0,71.31,3.306,216.4051315,7.716,2011,10,43,0,0,0.3060643246196652
17,0,43.69,3.529,130.8261935,6.403,2012,3,11,0,1,0.6839916007300351
3,0,82.1,2.668,214.787913,7.343,2010,6,23,0,1,0.7748098220543589
43,0,82.01,3.407,213.3303963,9.285,2012,7,30,0,0,0.33380052917129865
29,0,50.75,3.991,138.0332,9.14,2012,5,18,0,1,0.7678551766458898
1,0,90.76,3.638,215.6057878,7.962,2011,8,32,0,0,0.4821195492532423
22,0,76.35,2.792,136.4554021,8.433,2010,7,30,0,0,0.209906331421029
40,0,52.02,2.776,132.7516667,5.287,2010,10,40,1,0,0.45237376926972667
10,0,68.57,3.828,129.8051935,7.874,2011,11,44,1,1,0.7440804134851721
12,0,93.66,3.798,129.3259355,13.503,2011,9,35,1,1,0.6034535937807038
3,0,89.12,3.533,219.1501106,7.567,2011,9,35,0,1,0.547508660895416
24,0,52.36,3.981,134.2784667,8.212,2011,4,15,0,0,0.4673648102685039
6,0,90.07,3.523,217.2706543,6.925,2011,8,34,0,0,0.4949866974415315
38,0,91.61,4.014,130.7929,11.627,2012,6,25,1,1,0.7576087064231909
9,0,74.42,3.467,219.9746423,6.404,2011,9,38,0,0,0.11865631229615646
31,0,74.14,3.688,221.3632212,6.891,2012,5,19,1,1,0.5438910757363074
29,0,39.42,3.065,132.7566667,10.524,2010,12,48,1,1,0.7234930229929291
31,0,51.29,2.886,211.0646599,8.163,2010,12,51,1,1,0.9024706661697315
11,0,53.96,2.625,214.6751386,7.368,2010,3,9,1,1,0.5466156308622907
38,0,91.17,3.794,129.1507742,13.503,2011,7,29,0,0,0.2983655605854542
29,0,61.9,3.899,138.1065806,9.14,2012,5,20,1,1,0.5156011129967203
26,0,54.5,3.873,135.0837333,7.818,2011,6,24,0,1,0.6672737014996586
36,1,52.88,2.949,210.182398,8.476,2010,12,52,0,0,0.2256263314030734
33,0,93.21,3.666,130.7196333,7.147,2012,7,27,1,1,0.8325658993296803
32,0,37.95,3.527,195.4847959,8.513,2011,11,44,1,1,0.6094764757119551
34,0,68.68,2.756,126.1602258,9.593,2010,5,21,0,1,0.6413628772342966
18,1,41.97,3.536,136.4788,8.471,2011,11,47,1,1,0.9233132613793329
10,0,90.78,3.811,130.7561613,7.17,2012,8,32,1,1,0.7226512168870369
8,0,79.36,2.664,214.9779825,6.315,2010,8,33,0,1,0.5050537365430235
16,0,31.73,3.479,195.7184713,6.232,2011,11,46,0,0,0.33598365993571194
24,0,70.4,3.667,138.1962667,8.983,2012,6,26,1,1,0.6179962503733837
36,0,81.28,3.786,214.2408462,8.3,2011,5,21,0,1,0.543109667354803
15,1,31.91,3.826,137.1666774,7.943,2012,2,6,1,1,0.85315133752976
22,0,75.32,3.898,139.8933099,8.023,2011,7,30,0,0,0.19414598077207407
20,0,44.83,3.625,207.6553444,7.343,2011,3,12,0,0,0.19503891867009435
28,0,63.63,3.772,128.7199355,13.736,2011,4,13,1,0,0.4290988390146283
43,0,54.53,2.732,203.0165945,9.521,2010,3,12,0,0,0.22542240978838377
9,0,46.84,3.172,222.3975443,6.054,2011,12,48,1,1,0.8077780993170941
44,0,55.1,3.797,131.1083333,5.217,2012,10,41,1,0,0.44374152059287025
27,0,69.65,3.937,140.2735,7.85,2011,9,37,0,0,0.16438999867158438
35,0,64.5,3.985,142.8516833,8.665,2012,10,40,1,1,0.5607359554748222
40,0,40.54,2.834,131.8242903,5.892,2010,3,11,0,0,0.34568896094740376
43,0,56.43,3.63,212.3180074,9.653,2012,3,9,1,1,0.6960750854240896
37,1,52.88,2.943,210.182398,8.476,2010,12,52,0,0,0.20786236094146754
21,0,48.63,2.869,211.0645458,8.163,2010,12,50,1,1,0.8940298189391367
27,0,41.81,3.2,136.6075714,8.021,2010,12,48,1,1,0.7937712786115511
18,0,54.73,2.776,132.7516667,9.331,2010,10,40,1,0,0.42593164700721253
11,0,54.43,2.976,214.6955104,7.551,2011,1,1,0,0,0.2777462774286612
16,0,20.79,3.173,196.1713893,6.232,2011,12,51,1,1,0.9223062998639144
28,0,93.66,3.798,129.3259355,13.503,2011,9,35,1,1,0.5640212537216399
37,0,85.56,3.417,220.6319358,6.623,2012,8,31,1,1,0.7778449552311427
24,0,68.14,3.879,136.2440968,8.358,2011,9,35,0,1,0.5697198341856441
12,0,90.61,3.803,129.1846452,13.503,2011,8,31,1,1,0.6310458003810065
6,0,48.33,3.261,221.4893412,6.132,2012,1,2,0,0,0.19705419718010916
1,1,78.69,2.565,211.4951902,7.787,2010,9,36,0,0,0.4778945942639958
45,0,63.75,3.711,187.0295321,8.625,2011,9,38,0,0,0.12603687328367122
43,0,64.7,3.891,212.8887535,9.575,2012,4,14,1,1,0.7793839265292007
1,0,75.8,3.467,216.3758246,7.962,2011,9,38,0,0,0.1130856428715147
9,0,58.79,3.787,225.0336786,5.667,2012,3,12,1,0,0.27752321465968904
34,0,32.31,3.149,129.8980645,10.148,2011,12,50,1,1,0.9013467159666075
21,0,87.57,3.524,214.8368678,7.852,2011,7,26,1,1,0.5940904581485493
44,0,34.8,2.934,127.4404839,7.224,2011,1,3,0,0,0.08327861864348567
44,0,53.11,2.908,126.1602258,7.972,2010,5,21,0,0,0.42373678764442757
28,0,91.74,3.743,129.2405806,13.503,2011,8,33,0,0,0.4770179886682579
17,0,22.47,2.812,126.7313333,6.885,2010,12,48,1,1,0.7907538892541225
35,0,51.42,3.53,140.4127857,8.745,2011,11,46,0,0,0.39855232883844627
40,0,50.21,3.633,136.472,4.42,2011,10,40,1,1,0.5036620393516891
11,0,84.57,2.608,214.5564968,7.346,2010,7,29,0,0,0.31098533170894105
7,0,26.9,3.038,196.8262786,8.256,2012,1,4,0,0,0.07096837871550694
6,0,90.49,3.638,217.1438281,6.925,2011,8,32,0,0,0.48414409559899985
10,0,51.17,3.041,126.7313333,9.003,2010,12,48,1,1,0.7251753997371576
44,0,68.74,2.853,126.2346,7.61,2010,10,39,1,0,0.08454181959636932
19,0,34.74,3.42,133.3701429,7.771,2011,2,7,1,1,0.7492663362303803
26,0,58.51,3.798,138.1138065,7.489,2012,6,22,1,1,0.8648755455572972
6,0,91.22,3.533,217.3343423,6.925,2011,9,35,0,1,0.5788563754914876
25,0,38.51,3.625,207.6553444,7.343,2011,3,12,0,0,0.179187991418386
22,0,50.24,2.919,136.688871,8.572,2010,10,42,0,0,0.2072249243617048
37,0,74.66,2.603,210.4404433,8.476,2010,10,39,1,0,0.0620174517108506
39,0,85.96,3.575,214.1083654,8.177,2011,7,28,0,0,0.35391869397499115
31,0,74.24,2.826,210.2768443,8.2,2010,5,20,0,0,0.31725304397728743
16,0,67.51,3.485,194.3796374,6.338,2011,8,34,1,1,0.5279869580717358
41,0,41.31,2.725,189.7048215,7.363,2010,4,13,0,0,0.4699864573507547
2,0,70.27,3.617,222.8159296,6.17,2012,10,40,1,1,0.6843472682410422
28,0,59.84,3.086,126.6034839,14.099,2010,4,13,1,0,0.3583508265124068
40,0,54.09,4.095,134.593,4.781,2011,5,19,0,0,0.3528675118931387
43,0,74.49,3.807,207.2581929,10.581,2011,4,16,1,1,0.5097941833517989
13,0,47.75,3.744,129.0444333,7.193,2011,5,18,1,1,0.5979673253612935
16,0,43.95,3.828,192.831317,6.339,2011,5,20,0,0,0.2818927818961036
3,0,78.69,3.81,219.0236099,7.574,2011,4,17,0,0,0.17577866601710276
9,0,49.38,3.29,223.8060527,5.667,2012,1,4,0,0,0.06484166480615634
19,0,74.68,2.924,132.5825806,8.099,2010,7,29,0,0,0.356340026545347
29,0,28.43,3.132,132.6764,10.524,2010,12,49,1,1,0.7848157740036811
25,0,45.0,2.844,204.3782258,8.187,2010,3,11,0,0,0.37988358077884066
18,0,74.04,2.81,132.4976,9.269,2010,6,25,1,1,0.5259420327294663
19,0,66.4,2.885,132.6932258,8.099,2010,8,34,1,0,0.4821538335970262
41,0,40.2,2.766,189.575127,7.363,2010,4,17,0,0,0.12661890303847975
23,0,45.55,2.878,132.7633548,5.287,2010,10,41,0,0,0.18378740985256337
9,0,84.15,3.227,225.6346256,5.277,2012,7,27,1,1,0.810574337934982
10,0,63.66,3.086,126.6034839,9.524,2010,4,13,1,0,0.3770511005895872
29,0,58.56,4.101,134.6803871,9.966,2011,5,20,0,0,0.2859009020859597
19,0,78.22,2.94,132.5461333,8.099,2010,7,27,1,1,0.7008700908438782
4,1,73.54,2.574,126.1145806,7.372,2010,9,36,0,0,0.36583742547402776
13,1,26.79,2.868,127.0876774,7.795,2010,12,52,0,0,0.16290665402898
25,0,69.22,2.847,204.4042877,7.856,2010,6,22,1,1,0.795700395106074
34,1,78.26,3.709,130.9325484,9.285,2012,9,36,1,1,0.6557430179055931
33,0,62.03,3.43,127.99525,8.951,2011,2,7,0,1,0.7206917128009496
39,0,47.94,3.01,210.9682412,8.395,2011,1,4,0,0,0.03448010703917894
12,0,68.85,3.014,126.3815484,14.313,2010,10,42,0,0,0.19576341632432642
39,0,60.69,3.36,218.8619099,7.244,2012,2,5,0,1,0.8134589471419992
14,0,37.93,3.567,189.5168505,8.424,2012,1,4,0,0,0.050900229054980116
21,0,57.1,2.667,211.037551,8.324,2010,3,10,0,0,0.3758821512447105
33,0,60.91,3.882,130.6457931,7.603,2012,3,9,0,1,0.7118209427098554
26,0,62.68,2.796,132.6616129,8.445,2010,8,33,1,0,0.4572895278513496
13,0,71.33,2.802,126.1518,7.951,2010,7,27,0,1,0.5219807967676658
14,0,35.88,3.422,189.1940558,8.424,2012,1,1,0,0,0.3199557863360147
32,0,61.76,3.927,197.664546,8.09,2012,4,17,0,0,0.2870696041824417
44,0,27.85,3.282,129.8980645,6.078,2011,12,50,1,1,0.9370700663728688
43,0,59.98,2.728,203.9185484,10.21,2010,11,45,0,1,0.6747487743920798
38,0,61.09,3.016,126.4364194,14.313,2010,10,43,0,0,0.14574294037189048
12,0,99.22,3.112,126.1283548,14.18,2010,7,29,0,0,0.3173439948681539
42,1,60.68,3.76,129.8364,7.874,2011,11,47,1,1,0.912014284589405
25,0,70.71,3.804,208.2306018,7.287,2011,6,25,1,1,0.5321182478657148
44,0,33.17,3.12,128.13,7.224,2011,2,8,0,0,0.2780605122504875
13,0,33.8,3.513,129.8167097,6.392,2011,11,45,1,1,0.6130163243953202
8,0,31.62,2.983,214.7930991,6.262,2011,1,2,0,0,0.10379649847088138
37,0,71.28,3.601,222.0510793,6.228,2012,10,41,1,0,0.4096555307178864
16,0,19.55,3.077,196.7330517,6.162,2012,1,2,0,0,0.16382739582618308
28,0,66.59,4.169,129.0756774,13.736,2011,5,20,0,0,0.2086274814305645
12,0,81.61,3.966,131.0756667,10.199,2012,10,40,0,1,0.8556122240898586
3,0,83.14,3.227,225.3916254,6.334,2012,7,27,1,1,0.7896114991180595
26,0,59.67,3.784,136.2440968,7.767,2011,9,35,1,1,0.5402616196583256
25,0,68.55,3.867,215.0878309,7.28,2012,8,35,1,1,0.6968673196472166
13,0,20.6,2.903,127.3009355,7.47,2011,1,2,0,0,0.07787380809472355
38,1,44.64,3.428,130.0710323,12.89,2011,12,52,0,0,0.2947630542697413
24,0,22.41,3.367,132.9510645,8.252,2011,1,2,0,0,0.11327863089625238
35,0,70.92,3.645,140.381,8.684,2011,9,39,0,0,0.08467454910130165
7,0,31.84,3.636,192.5234638,8.595,2011,4,16,0,0,0.41732633214240467
19,0,30.33,2.91,131.686,8.35,2010,2,8,0,0,0.23179084713967865
10,0,78.47,3.966,130.9776667,7.17,2012,9,37,0,0,0.2656012764458612
43,0,52.1,3.29,211.5879908,9.653,2012,1,4,0,0,0.07032704439799946
39,1,52.45,2.943,210.182398,8.476,2010,12,52,0,0,0.25154359968540646
41,0,74.47,3.646,197.8322195,6.432,2012,7,27,1,1,0.7969869347269456
8,0,87.26,3.524,218.5937514,6.425,2011,7,26,0,1,0.647939851825736
31,0,90.27,3.651,215.0749122,7.852,2011,7,29,1,0,0.2966963257012325
25,0,28.5,3.638,207.8823043,7.287,2011,4,13,0,0,0.3823549160111898
37,0,70.9,2.78,209.170772,8.464,2010,4,17,0,0,0.13607769280173182
19,0,73.84,4.02,136.0540323,7.806,2011,8,31,0,1,0.6392204927580335
27,0,69.52,3.786,142.1292548,8.253,2012,6,24,1,1,0.7792638094605031
33,0,96.0,3.794,129.2015806,8.442,2011,8,32,1,1,0.5274589483085432
13,0,61.39,3.732,129.0357097,7.193,2011,6,23,1,1,0.68459583378716
8,0,65.11,3.807,218.8986857,6.297,2011,4,16,1,1,0.5126691280575305
1,0,69.97,3.473,214.5999389,7.742,2011,3,12,1,0,0.2493664917756606
13,0,33.94,3.389,129.8459667,6.392,2011,12,48,1,1,0.8133605226354741
11,0,89.46,3.682,218.8440545,7.567,2011,7,30,0,0,0.1726315109408292
9,0,88.66,3.494,225.7170094,5.277,2012,8,32,1,1,0.7091824835168052
42,0,86.87,3.666,130.7196333,7.17,2012,7,27,1,1,0.7800418822907536
33,1,59.94,3.722,130.3849032,7.603,2012,2,6,1,1,0.9055336083350937
13,0,76.68,3.578,129.2405806,6.877,2011,8,33,1,1,0.5226145468418677
