Year,Month,Week_of_Year,Total_Sales,Avg_Weekly_Sales,Store_Count
2010,2,5,49750740.5,1105572.0111111111,45
2010,2,6,48336677.63,1074148.3917777778,45
2010,2,7,48276993.78,1072822.084,45
2010,2,8,43968571.13,977079.3584444445,45
2010,3,9,46871470.3,1041588.2288888888,45
2010,3,10,45925396.51,1020564.3668888889,45
2010,3,11,44988974.64,999754.992,45
2010,3,12,44133961.05,980754.69,45
2010,4,13,50423831.26,1120529.5835555554,45
2010,4,14,47365290.44,1052562.0097777778,45
2010,4,15,45183667.08,1004081.4906666667,45
2010,4,16,44734452.56,994098.9457777778,45
2010,4,17,43705126.71,971225.0380000001,45
2010,5,18,48503243.52,1077849.8560000001,45
2010,5,19,45330080.2,1007335.1155555557,45
2010,5,20,45120108.06,1002669.0680000001,45
2010,5,21,47757502.56,1061277.8346666668,45
2010,6,22,50188543.120000005,1115300.9582222223,45
2010,6,23,47826546.72,1062812.1493333334,45
2010,6,24,47622046.23,1058267.694,45
2010,6,25,46609036.29,1035756.362,45
2010,7,26,48917484.5,1087055.211111111,45
2010,7,27,47899529.37,1064433.986,45
2010,7,28,46243899.58,1027642.2128888889,45
2010,7,29,44888849.11,997529.9802222222,45
2010,7,30,44630363.42,991785.8537777779,45
2010,8,31,48204999.12,1071222.2026666666,45
2010,8,32,46464418.410000004,1032542.6313333334,45
2010,8,33,47060952.92,1045798.9537777778,45
2010,8,34,45909740.44,1020216.4542222222,45
2010,9,35,47194257.61,1048761.2802222222,45
2010,9,36,45634397.839999996,1014097.7297777777,45
2010,9,37,43080726.51,957349.478,45
2010,9,38,41358514.41,919078.0979999999,45
2010,10,39,42239875.87,938663.9082222221,45
2010,10,40,45102974.23,1002288.3162222222,45
2010,10,41,43149473.45,958877.1877777779,45
2010,10,42,43066669.52,957037.1004444446,45
2010,10,43,43602830.95,968951.7988888889,45
2010,11,44,45781981.89,1017377.3753333334,45
2010,11,45,46124800.83,1024995.5739999999,45
2010,11,46,45125584.18,1002790.7595555555,45
2010,11,47,65821003.24,1462688.960888889,45
2010,12,48,49909027.88,1109089.5084444445,45
2010,12,49,55666770.39,1237039.342,45
2010,12,50,61820799.85,1373795.5522222223,45
2010,12,51,80931415.6,1798475.9022222222,45
2010,12,52,40432519.0,898500.4222222222,45
2011,1,1,42775787.769999996,950573.0615555554,45
2011,1,2,40673678.04,903859.512,45
2011,1,3,40654648.03,903436.6228888889,45
2011,1,4,39599852.99,879996.7331111112,45
2011,2,5,46153111.12,1025624.6915555554,45
2011,2,6,47336192.79,1051915.3953333334,45
2011,2,7,48716164.12,1082581.4248888888,45
2011,2,8,44125859.839999996,980574.663111111,45
2011,3,9,46980603.74,1044013.4164444444,45
2011,3,10,44627319.4,991718.2088888888,45
2011,3,11,44872325.97,997162.7993333333,45
2011,3,12,42876199.18,952804.4262222222,45
2011,4,13,43458991.19,965755.3597777777,45
2011,4,14,45887466.8,1019721.4844444444,45
2011,4,15,44973328.14,999407.292,45
2011,4,16,48676692.06,1081704.2680000002,45
2011,4,17,43530032.78,967334.0617777779,45
2011,5,18,46861958.29,1041376.8508888888,45
2011,5,19,45446144.82,1009914.3293333333,45
2011,5,20,44046598.01,978813.2891111111,45
2011,5,21,45293457.04,1006521.2675555556,45
2011,6,22,48771994.18,1083822.092888889,45
2011,6,23,47669734.66,1059327.4368888887,45
2011,6,24,47447561.77,1054390.2615555557,45
2011,6,25,45884094.58,1019646.5462222222,45
2011,7,26,47578519.5,1057300.4333333333,45
2011,7,27,47859263.78,1063539.195111111,45
2011,7,28,45515929.92,1011465.1093333333,45
2011,7,29,45274411.39,1006098.0308888889,45
2011,7,30,43683274.28,970739.4284444444,45
2011,8,31,48015466.97,1067010.377111111,45
2011,8,32,46249569.21,1027768.2046666667,45
2011,8,33,46917347.62,1042607.7248888889,45
2011,8,34,47416948.45,1053709.9655555557,45
2011,9,35,45376623.269999996,1008369.406,45
2011,9,36,46763227.53,1039182.834,45
2011,9,37,43793960.08,973199.1128888888,45
2011,9,38,42718096.73,949291.0384444444,45
2011,9,39,42195830.81,937685.1291111112,45
2011,10,40,47211688.36,1049148.6302222223,45
2011,10,41,44374820.3,986107.1177777777,45
2011,10,42,45818953.44,1018198.9653333332,45
2011,10,43,45855821.05,1019018.2455555554,45
2011,11,44,48655544.3,1081234.3177777778,45
2011,11,45,48474224.75,1077204.9944444445,45
2011,11,46,46438980.56,1031977.3457777778,45
2011,11,47,66593605.26,1479857.8946666666,45
2011,12,48,49390556.49,1097567.922,45
2011,12,49,55561147.7,1234692.171111111,45
2011,12,50,60085695.94,1335237.6875555555,45
2011,12,51,76998241.31,1711072.029111111,45
2011,12,52,46042461.04,1023165.8008888889,45
2012,1,1,44955421.95,999009.3766666667,45
2012,1,2,42023078.48,933846.1884444443,45
2012,1,3,42080996.56,935133.2568888889,45
2012,1,4,39834974.67,885221.6593333334,45
2012,2,5,46085608.09,1024124.6242222222,45
2012,2,6,50009407.92,1111320.176,45
2012,2,7,50197056.96,1115490.1546666666,45
2012,2,8,45771506.57,1017144.5904444444,45
2012,3,9,46861034.97,1041356.3326666666,45
2012,3,10,47480454.11,1055121.2024444444,45
2012,3,11,46901504.94,1042255.6653333333,45
2012,3,12,44993794.45,999862.098888889,45
2012,3,13,45272862.02,1006063.6004444446,45
2012,4,14,53502315.87,1188940.3526666665,45
2012,4,15,46629261.41,1036205.809111111,45
2012,4,16,45072529.78,1001611.772888889,45
2012,4,17,43716798.89,971484.4197777777,45
2012,5,18,47124197.93,1047204.3984444444,45
2012,5,19,46925878.99,1042797.3108888889,45
2012,5,20,46823939.22,1040531.9826666666,45
2012,5,21,47892463.31,1064276.9624444444,45
2012,6,22,48281649.72,1072925.5493333333,45
2012,6,23,49651171.78,1103359.372888889,45
2012,6,24,48412110.7,1075824.6822222222,45
2012,6,25,47668284.97,1059295.2215555555,45
2012,6,26,46597112.12,1035491.3804444444,45
2012,7,27,51253021.879999995,1138956.0417777777,45
2012,7,28,46099732.1,1024438.4911111111,45
2012,7,29,46059543.45,1023545.41,45
2012,7,30,44097154.97,979936.7771111111,45
2012,8,31,47485899.56,1055242.2124444444,45
2012,8,32,47403451.04,1053410.023111111,45
2012,8,33,47354452.05,1052321.1566666665,45
2012,8,34,47447323.6,1054384.9688888888,45
2012,8,35,47159639.43,1047991.9873333334,45
2012,9,36,48330059.31,1074001.318,45
2012,9,37,44226038.65,982800.8588888888,45
2012,9,38,44354547.11,985656.6024444444,45
2012,9,39,43734899.4,971886.6533333333,45
2012,10,40,47566639.31,1057036.4291111112,45
2012,10,41,46128514.25,1025078.0944444444,45
2012,10,42,45122410.57,1002720.2348888889,45
2012,10,43,45544116.29,1012091.4731111111,45
