Store,Total_Sales,Weeks_Reported,Avg_Weekly_Sales,Sales_Std_Dev,Non_Holiday_Avg_Sales,Holiday_Avg_Sales,Holiday_Uplift_%,Sales_CV,Vs_Network_Avg_%,Below_15pct_Network_Flag,Avg_WoW_Growth_%,Unemployment_Correlation,Fuel_Price_Correlation
20,301397792.46,143,2107676.8703496503,275900.56274241407,2097048.4334586465,2249035.081,7.247646030315227,0.13090268561738494,101.31304454626235,False,0.5991549295774647,-0.09534134450284637,-0.013507215553798899
4,299543953.38,143,2094712.9606993007,266201.4422969778,2083555.8431578947,2243102.6240000003,7.657427631039258,0.12708253937002847,100.0748072444972,False,0.5883802816901409,-0.3370151956445589,0.21154920881183356
14,288999911.34,143,2020978.4009790209,317569.9494755081,2013489.3335338344,2120582.998,5.318809624792388,0.15713673600948333,93.03211065547723,False,0.6297887323943663,0.21078648294593594,-0.35034010968552903
13,286517703.8,143,2003620.3062937064,265506.99577556964,1995392.9754887219,2113043.806,5.8961233178874135,0.13251362792719149,91.37416633878355,False,0.6717605633802817,-0.1716328688963503,0.07649993169127534
2,275382440.98,143,1925751.3355244757,237683.69468179933,1914208.8118796991,2079266.9,8.622783841341656,0.12342387633191827,83.93657483613674,False,0.48915492957746487,0.06632485967770842,-0.19637539051238584
10,271617713.89,143,1899424.5726573425,302262.06250448094,1883309.4315789475,2113755.949,12.236253562849125,0.15913349066639101,81.42199546185589,False,0.5569014084507043,0.13190762207746096,-0.18505814261218276
27,253855916.88,143,1775216.2019580419,239930.1356881839,1766412.9631578948,1892299.2780000002,7.126663892742998,0.13515544496695325,69.55833380889158,False,0.7961971830985917,-0.014275051941261286,-0.22723783077585685
6,223756130.64,143,1564728.1862937063,212525.85586197738,1555992.867443609,1680907.927,8.027996925308395,0.13582285902663824,49.45374193809919,False,0.57943661971831,0.04425082101562407,-0.10335613336814131
1,222402808.85,143,1555264.3975524476,155980.76776119994,1546957.3856390978,1665747.656,7.6789620362959194,0.10029212268130754,48.549815842383495,False,0.4966901408450704,-0.09795539472957952,0.12459158039045636
39,207445542.47,143,1450668.1291608391,217466.4548330348,1443114.7945112782,1551127.48,7.484691162444991,0.14990779108026006,38.559388213598275,False,0.8850704225352112,-0.38468135708616075,0.2666593234600254
19,206634862.1,143,1444999.0356643356,191722.63873007408,1435070.637293233,1577046.734,9.893317654004537,0.13268011534826385,38.01790935236791,False,0.6078873239436621,0.10146392090273453,-0.1906840769295775
31,199613905.5,143,1395901.437062937,125855.94293256958,1388072.5203007518,1500026.03,8.065393418709235,0.09016105262945948,33.328392095997316,False,0.38190140845070425,-0.06473780907548936,0.10956286619967202
23,198750617.85,143,1389864.4604895106,249788.03806798684,1384399.9617293233,1462542.294,5.64449107417377,0.179721149197535,32.75177518144658,False,0.9698591549295773,-0.0771689955908882,0.018392302202448935
24,194016021.28,143,1356755.3935664336,167745.67756711715,1347857.4343609023,1475098.251,9.440228127645408,0.12363737661375546,29.589389543431377,False,0.7192957746478872,-0.012260801238922878,-0.1050050603346454
11,193962786.8,143,1356383.1244755245,165833.88786308072,1349464.9770676692,1448394.4849999999,7.331017078138655,0.12226183360044682,29.5538325635472,False,0.4595774647887324,-0.020338971133082383,-0.04129887161926871
28,189263680.58,143,1323522.241818182,181758.967538573,1311888.9814285715,1478244.605,12.680617485656201,0.13732974165124912,26.415152044113643,False,1.2014084507042253,0.13667068177945307,-0.14272166138983605
41,181341934.89000002,143,1268125.418811189,187907.1627656376,1263101.175413534,1334947.8560000001,5.688117625489802,0.14817711243560766,21.123969484484316,False,0.9344366197183098,-0.35062960956345757,0.30574452498883825
32,166819246.16,143,1166568.154965035,138017.25208740897,1163769.964887218,1203784.083,3.4383185096772815,0.11831049176166283,11.423809906766103,False,0.6485915492957746,-0.09945467124759003,0.11801006308855061
18,155114734.21,143,1084718.421048951,176641.51083924595,1078349.7187969924,1169422.1609999998,8.44553864256652,0.1628454974226666,3.60599904507799,False,1.1294366197183099,0.13917900226669458,-0.2750510794551467
22,147075648.57,143,1028501.0389510489,161251.3506309915,1024262.4211278195,1084874.656,5.917647042585057,0.15678287578148592,-1.763558549712041,False,0.9340845070422537,0.039042867355347434,-0.07489567573702288
12,144287230.15,143,1009001.6094405595,139166.87188038277,999291.9244360903,1138140.42,13.894688045464108,0.13792532199977736,-3.6260307231722133,False,0.6767605633802817,-0.009286099902746554,0.015072044454204996
26,143416393.79,143,1002911.8446853146,110431.28814099332,997713.7240601503,1072046.849,7.450346040881782,0.11011066299216313,-4.207689658038016,False,0.5869718309859155,-0.06689910263473296,0.023475269058131486
34,138249763.0,143,966781.5594405595,104630.16467575564,961127.6850375939,1041978.089,8.41203569734272,0.10822523832198581,-7.658644510401091,False,0.546830985915493,0.01701025065278914,0.013687950831853755
40,137870309.79,143,964128.0404895104,119002.11285761207,960826.8348872181,1008034.075,4.913189182348666,0.12342978096269444,-7.912093217986083,False,0.7558450704225352,-0.11252795058812315,0.02962746158542199
35,131520672.08,143,919724.9795804196,211243.45779146877,908099.1542105264,1074348.457,18.307395400451135,0.2296811138997643,-12.153215519289928,False,1.338380281690141,0.48386541981924663,-0.49819689903350844
8,129951181.13,143,908749.5183916084,106280.82988091325,903743.402481203,975330.86,7.921214951307594,0.11695283213906865,-13.20152778114646,False,0.522676056338028,-0.052579646197126774,0.029751884493978878
17,127782138.83,143,893581.3904195804,112162.93608702623,887099.0159398497,979796.9710000001,10.44956125466336,0.12552067141232678,-14.650299205776507,False,1.1695774647887323,-0.2635996818307391,0.3116308730160882
45,112395341.42,143,785981.4085314686,130168.5266351173,782198.5284962406,836293.713,6.915787045490378,0.16561272979512937,-24.927624089749358,True,0.7973239436619717,-0.004041028359856262,-0.04666301516741389
21,108117878.92,143,756069.0833566433,128752.81285322401,750774.1791729323,826491.309,10.085206967357244,0.1702923921734945,-27.784675535876822,True,0.7801408450704226,0.21836733305703382,-0.1365418659421605
25,101061179.17,143,706721.5326573426,112976.7886004604,704243.6898496241,739676.842,5.031376590387607,0.15986040240723462,-32.49806676388286,True,0.6738732394366197,-0.00495765176036155,-0.08426245585402982
43,90565435.41,143,633324.7231468532,40598.41326025312,633127.6137593985,635946.278,0.4451968575284318,0.0641036292701924,-39.50850341591459,True,0.21408450704225357,-0.2019543573720573,-0.3420366521715586
15,89133683.92,143,623312.474965035,120538.65204319068,617064.8401503759,706406.0179999999,14.478410052961701,0.19338398778229549,-40.46481516967037,True,1.0140845070422535,0.07890536860514272,-0.1903980353472911
7,81598275.14,143,570617.3086713287,112585.46921978745,562964.4548120301,672400.265,19.43920424327852,0.19730468653665717,-45.497951182449114,True,0.8705633802816901,-0.16538168270129622,0.11035616441476577
42,79565752.42999999,143,556403.863146853,50262.92552974954,555554.9687969924,567694.158,2.185056364322329,0.09033532809329817,-46.85553688843541,True,0.6390140845070422,-0.3563546441574805,0.32303128422999755
9,77789218.99,143,543980.5523776223,69028.66658471408,540599.3291729323,588950.821,8.94405324198997,0.12689546764678367,-48.04213932711156,True,0.6226056338028167,-0.1915343637022841,0.20540389455764768
29,77141554.31,143,539451.4287412588,99120.13659614499,534375.755037594,606957.889,13.58260236887052,0.18374246746816336,-48.4747348929639,True,1.2587323943661972,0.08468168200648413,-0.09212927364338204
16,74252425.4,143,519247.7300699301,85769.68013311694,515677.3604511278,566733.646,9.900819672247545,0.1651806549478143,-50.404474763357655,True,0.6729577464788733,-0.07086358405192236,-0.002426063535960878
37,74202740.32,143,518900.2819580419,21837.46119004889,519755.56255639094,507525.05,-2.3531277849602623,0.04208411895180789,-50.43766098758873,True,0.16401408450704227,-0.22128669565468623,0.20821818722333402
30,62716885.12,143,438579.6162237762,22809.665590198485,438708.96278195485,436859.30700000003,-0.4216134017927793,0.05200803855544514,-58.10942414370537,True,0.12021126760563383,0.20186223641523884,-0.43144104945204664
3,57586735.07,143,402704.44104895106,46319.6315569098,400064.84639097744,437811.05,9.435021334549784,0.11502140735338794,-61.53601236492374,True,0.42415492957746476,-0.23041301348635246,0.1408864863344629
38,55159626.42,143,385731.6532867133,42768.16944995045,386049.08,381509.878,-1.175809562866978,0.11087544692154415,-63.157154403782286,True,0.5319014084507043,-0.7852902748572025,0.6971840519774523
36,53412214.97,143,373511.9927972028,60725.173578889786,373953.44864661654,367640.63,-1.6881295437877097,0.16257891245773287,-64.32430535138316,True,-0.187887323943662,0.8337336178415082,-0.7274618540899405
5,45475688.9,143,318011.8104895105,37737.9657447451,314892.2769172932,359501.60699999996,14.166536734218937,0.11866844091939749,-69.62536019067673,True,0.6619718309859155,-0.2070427103160584,0.1673522039273576
44,43293087.84,143,302748.86601398606,24762.83201523451,303253.6227819549,296035.60099999997,-2.3801930924151926,0.08179331054568027,-71.08318793663413,True,0.442112676056338,-0.7800764432910238,0.6073673757269534
33,37160221.96,143,259861.69202797202,24132.9273222455,259656.2163157895,262594.519,1.1316126861515072,0.09286835290692938,-75.17952152959019,True,0.4019718309859155,0.10117473193757331,-0.05988731912420814
